Movie ID,Title,Year,Parental Guid,Runtime,Genre,Directors ID,Directors,Writers ID,Writers,Stars ID,Stars,Gross US Canada
0111161,The Shawshank Redemption,1994,R,2h 22m,"['Epic', 'Period Drama', 'Prison Drama', 'Drama']",['0001104'],['Frank Darabont'],"['0000175', '0001104']","['Stephen King', 'Frank Darabont']","['0000209', '0000151', '0348409']","['Tim Robbins', 'Morgan Freeman', 'Bob Gunton']","$28,767,189"
0068646,The Godfather,1972,R,2h 55m,"['Epic', 'Gangster', 'Tragedy', 'Crime', 'Drama']",['0000338'],['Francis Ford Coppola'],"['0701374', '0000338']","['Mario Puzo', 'Francis Ford Coppola']","['0000008', '0000199', '0001001']","['Marlon Brando', 'Al Pacino', 'James Caan']","$136,381,073"
0468569,The Dark Knight,2008,PG-13,2h 32m,"['Action Epic', 'Epic', 'Superhero', 'Tragedy', 'Action', 'Crime', 'Drama', 'Thriller']",['0634240'],['Christopher Nolan'],"['0634300', '0634240', '0275286']","['Jonathan Nolan', 'Christopher Nolan', 'David S. Goyer']","['0000288', '0005132', '0001173']","['Christian Bale', 'Heath Ledger', 'Aaron Eckhart']","$534,987,076"
0071562,The Godfather Part II,1974,R,3h 22m,"['Epic', 'Gangster', 'Tragedy', 'Crime', 'Drama']",['0000338'],['Francis Ford Coppola'],"['0000338', '0701374']","['Francis Ford Coppola', 'Mario Puzo']","['0000199', '0000134', '0000380']","['Al Pacino', 'Robert De Niro', 'Robert Duvall']","$47,834,595"
0050083,12 Angry Men,1957,Approved,1h 36m,"['Legal Drama', 'Psychological Drama', 'Crime', 'Drama']",['0001486'],['Sidney Lumet'],['0741627'],['Reginald Rose'],"['0000020', '0002011', '0000842']","['Henry Fonda', 'Lee J. Cobb', 'Martin Balsam']",
0167260,The Lord of the Rings: The Return of the King,2003,PG-13,3h 21m,"['Action Epic', 'Adventure Epic', 'Epic', 'Fantasy Epic', 'Mountain Adventure', 'Quest', 'Sword & Sorcery', 'Tragedy', 'Adventure', 'Drama']",['0001392'],['Peter Jackson'],"['0866058', '0909638', '0101991']","['J.R.R. Tolkien', 'Fran Walsh', 'Philippa Boyens']","['0000704', '0001557', '0005212']","['Elijah Wood', 'Viggo Mortensen', 'Ian McKellen']","$381,878,219"
0108052,Schindler's List,1993,R,3h 15m,"['Docudrama', 'Epic', 'Historical Epic', 'Period Drama', 'Prison Drama', 'Tragedy', 'Biography', 'Drama', 'History']",['0000229'],['Steven Spielberg'],"['0447745', '0001873']","['Thomas Keneally', 'Steven Zaillian']","['0000553', '0000146', '0001426']","['Liam Neeson', 'Ralph Fiennes', 'Ben Kingsley']","$96,898,818"
0120737,The Lord of the Rings: The Fellowship of the Ring,2001,PG-13,2h 58m,"['Action Epic', 'Adventure Epic', 'Dark Fantasy', 'Epic', 'Fantasy Epic', 'Quest', 'Sword & Sorcery', 'Adventure', 'Drama', 'Fantasy']",['0001392'],['Peter Jackson'],"['0866058', '0909638', '0101991']","['J.R.R. Tolkien', 'Fran Walsh', 'Philippa Boyens']","['0000704', '0005212', '0089217']","['Elijah Wood', 'Ian McKellen', 'Orlando Bloom']","$319,372,078"
0110912,Pulp Fiction,1994,R,2h 34m,"['Dark Comedy', 'Drug Crime', 'Gangster', 'Crime', 'Drama']",['0000233'],['Quentin Tarantino'],"['0000233', '0000812']","['Quentin Tarantino', 'Roger Avary']","['0000237', '0000235', '0000168']","['John Travolta', 'Uma Thurman', 'Samuel L. Jackson']","$107,928,762"
0060196,"The Good, the Bad and the Ugly",1966,R,2h 58m,"['Action Epic', 'Adventure Epic', 'Dark Comedy', 'Desert Adventure', 'Epic', 'Period Drama', 'Quest', 'Spaghetti Western', 'Western Epic', 'Adventure']",['0001466'],['Sergio Leone'],"['0898812', '0001466', '0408488']","['Luciano Vincenzoni', 'Sergio Leone', 'Agenore Incrocci']","['0000142', '0908919', '0001812']","['Clint Eastwood', 'Eli Wallach', 'Lee Van Cleef']","$25,100,000"
0109830,Forrest Gump,1994,PG-13,2h 22m,"['Epic', 'Period Drama', 'Drama', 'Romance']",['0000709'],['Robert Zemeckis'],"['0343165', '0744839']","['Winston Groom', 'Eric Roth']","['0000158', '0000705', '0000641']","['Tom Hanks', 'Robin Wright', 'Gary Sinise']","$330,455,270"
0167261,The Lord of the Rings: The Two Towers,2002,PG-13,2h 59m,"['Action Epic', 'Adventure Epic', 'Dark Fantasy', 'Epic', 'Fantasy Epic', 'Quest', 'Sword & Sorcery', 'Adventure', 'Drama', 'Fantasy']",['0001392'],['Peter Jackson'],"['0866058', '0909638', '0101991']","['J.R.R. Tolkien', 'Fran Walsh', 'Philippa Boyens']","['0000704', '0005212', '0001557']","['Elijah Wood', 'Ian McKellen', 'Viggo Mortensen']","$345,518,923"
0137523,Fight Club,1999,R,2h 19m,"['Dark Comedy', 'Psychological Drama', 'Psychological Thriller', 'Workplace Drama', 'Crime', 'Drama', 'Thriller']",['0000399'],['David Fincher'],"['0657333', '0880243']","['Chuck Palahniuk', 'Jim Uhls']","['0000093', '0001570', '0001533']","['Brad Pitt', 'Edward Norton', 'Meat Loaf']","$37,030,102"
1375666,Inception,2010,PG-13,2h 28m,"['Action Epic', 'Adventure Epic', 'Epic', 'Psychological Thriller', 'Sci-Fi Epic', 'Action', 'Adventure', 'Sci-Fi', 'Thriller']",['0634240'],['Christopher Nolan'],['0634240'],['Christopher Nolan'],"['0000138', '0330687', '0680983']","['Leonardo DiCaprio', 'Joseph Gordon-Levitt', 'Elliot Page']","$292,587,330"
0080684,Star Wars: Episode V - The Empire Strikes Back,1980,PG,2h 4m,"['Action Epic', 'Adventure Epic', 'Dark Fantasy', 'Dystopian Sci-Fi', 'Epic', 'Fantasy Epic', 'Quest', 'Sci-Fi Epic', 'Space Sci-Fi', 'Sword & Sorcery']",['0449984'],['Irvin Kershner'],"['0102824', '0001410', '0000184']","['Leigh Brackett', 'Lawrence Kasdan', 'George Lucas']","['0000434', '0000148', '0000402']","['Mark Hamill', 'Harrison Ford', 'Carrie Fisher']","$292,753,960"
0133093,The Matrix,1999,R,2h 16m,"['Action Epic', 'Artificial Intelligence', 'Cyberpunk', 'Dystopian Sci-Fi', 'Gun Fu', 'Martial Arts', 'Sci-Fi Epic', 'Action', 'Sci-Fi']","['0905154', '0905152']","['Lana Wachowski', 'Lilly Wachowski']","['0905152', '0905154']","['Lilly Wachowski', 'Lana Wachowski']","['0000206', '0000401', '0005251']","['Keanu Reeves', 'Laurence Fishburne', 'Carrie-Anne Moss']","$172,076,928"
0099685,Goodfellas,1990,R,2h 25m,"['Docudrama', 'Gangster', 'True Crime', 'Biography', 'Crime', 'Drama']",['0000217'],['Martin Scorsese'],"['0683380', '0000217']","['Nicholas Pileggi', 'Martin Scorsese']","['0000134', '0000501', '0000582']","['Robert De Niro', 'Ray Liotta', 'Joe Pesci']","$46,909,721"
0816692,Interstellar,2014,PG-13,2h 49m,"['Adventure Epic', 'Epic', 'Psychological Drama', 'Quest', 'Sci-Fi Epic', 'Space Sci-Fi', 'Time Travel', 'Adventure', 'Drama', 'Sci-Fi']",['0634240'],['Christopher Nolan'],"['0634300', '0634240']","['Jonathan Nolan', 'Christopher Nolan']","['0000190', '0004266', '1567113']","['Matthew McConaughey', 'Anne Hathaway', 'Jessica Chastain']","$203,227,580"
0073486,One Flew Over the Cuckoo's Nest,1975,R,2h 13m,"['Medical Drama', 'Psychological Drama', 'Drama']",['0001232'],['Milos Forman'],"['0369142', '0325743', '0450181']","['Lawrence Hauben', 'Bo Goldman', 'Ken Kesey']","['0000197', '0001221', '0077720']","['Jack Nicholson', 'Louise Fletcher', 'Michael Berryman']","$108,981,275"
0114369,Se7en,1995,R,2h 7m,"['Cop Drama', 'Hard-boiled Detective', 'Police Procedural', 'Psychological Drama', 'Psychological Thriller', 'Serial Killer', 'Tragedy', 'Crime', 'Drama', 'Mystery']",['0000399'],['David Fincher'],['0001825'],['Andrew Kevin Walker'],"['0000151', '0000093', '0000228']","['Morgan Freeman', 'Brad Pitt', 'Kevin Spacey']","$101,040,643"
0038650,It's a Wonderful Life,1946,PG,2h 10m,"['Feel-Good Romance', 'Holiday Family', 'Holiday Romance', 'Psychological Drama', 'Supernatural Fantasy', 'Drama', 'Family', 'Fantasy', 'Holiday', 'Romance']",['0001008'],['Frank Capra'],"['0329304', '0352443', '0001008']","['Frances Goodrich', 'Albert Hackett', 'Frank Capra']","['0000071', '0001656', '0000859']","['James Stewart', 'Donna Reed', 'Lionel Barrymore']","$1,483,643"
0102926,The Silence of the Lambs,1991,R,1h 58m,"['Police Procedural', 'Psychological Drama', 'Psychological Horror', 'Psychological Thriller', 'Serial Killer', 'Crime', 'Drama', 'Horror', 'Thriller']",['0001129'],['Jonathan Demme'],"['0365383', '0848217']","['Thomas Harris', 'Ted Tally']","['0000149', '0000164', '0001277']","['Jodie Foster', 'Anthony Hopkins', 'Scott Glenn']","$130,742,922"
0047478,Seven Samurai,1954,Not Rated,3h 27m,"['Action Epic', 'Epic', 'Period Drama', 'Samurai', 'Action', 'Drama']",['0000041'],['Akira Kurosawa'],"['0000041', '0368074', '0644823']","['Akira Kurosawa', 'Shinobu Hashimoto', 'Hideo Oguni']","['0001536', '0793766', '0875477']","['Toshirô Mifune', 'Takashi Shimura', 'Keiko Tsushima']","$820,278"
0120815,Saving Private Ryan,1998,R,2h 49m,"['Epic', 'Period Drama', 'Psychological Drama', 'Tragedy', 'War Epic', 'Drama', 'War']",['0000229'],['Steven Spielberg'],['0734441'],['Robert Rodat'],"['0000158', '0000354', '0001744']","['Tom Hanks', 'Matt Damon', 'Tom Sizemore']","$217,049,603"
0120689,The Green Mile,1999,R,3h 9m,"['Period Drama', 'Prison Drama', 'Supernatural Fantasy', 'Tragedy', 'Crime', 'Drama', 'Fantasy', 'Mystery']",['0001104'],['Frank Darabont'],"['0000175', '0001104']","['Stephen King', 'Frank Darabont']","['0000158', '0003817', '0001556']","['Tom Hanks', 'Michael Clarke Duncan', 'David Morse']","$136,801,374"
0317248,City of God,2002,R,2h 10m,"['Caper', 'Coming-of-Age', 'Gangster', 'Crime', 'Drama']","['0576987', '0526199']","['Fernando Meirelles', 'Kátia Lund']","['1130251', '0513130']","['Bráulio Mantovani', 'Paulo Lins']","['1179105', '1129884', '0618690']","['Alexandre Rodrigues', 'Leandro Firmino', 'Matheus Nachtergaele']","$7,564,459"
0118799,Life Is Beautiful,1997,PG-13,1h 56m,"['Period Drama', 'Psychological Drama', 'Romantic Comedy', 'Tragedy', 'Tragic Romance', 'Comedy', 'Drama', 'Romance', 'War']",['0000905'],['Roberto Benigni'],"['0148437', '0000905']","['Vincenzo Cerami', 'Roberto Benigni']","['0000905', '0000971', '0134493']","['Roberto Benigni', 'Nicoletta Braschi', 'Giorgio Cantarini']","$57,563,264"
0103064,Terminator 2: Judgment Day,1991,R,2h 17m,"['Action Epic', 'Artificial Intelligence', 'Cyberpunk', 'Dystopian Sci-Fi', 'Sci-Fi Epic', 'Time Travel', 'Action', 'Adventure', 'Sci-Fi']",['0000116'],['James Cameron'],"['0000116', '0936537']","['James Cameron', 'William Wisher']","['0000216', '0000157', '0000411']","['Arnold Schwarzenegger', 'Linda Hamilton', 'Edward Furlong']","$205,881,154"
0076759,Star Wars: Episode IV - A New Hope,1977,PG,2h 1m,"['Action Epic', 'Adventure Epic', 'Dystopian Sci-Fi', 'Epic', 'Fantasy Epic', 'Quest', 'Sci-Fi Epic', 'Space Sci-Fi', 'Sword & Sorcery', 'Action']",['0000184'],['George Lucas'],['0000184'],['George Lucas'],"['0000434', '0000148', '0000402']","['Mark Hamill', 'Harrison Ford', 'Carrie Fisher']","$460,998,507"
0088763,Back to the Future,1985,PG,1h 56m,"['High-Concept Comedy', 'Teen Adventure', 'Teen Comedy', 'Time Travel', 'Urban Adventure', 'Adventure', 'Comedy', 'Sci-Fi']",['0000709'],['Robert Zemeckis'],"['0000709', '0301826']","['Robert Zemeckis', 'Bob Gale']","['0000150', '0000502', '0000670']","['Michael J. Fox', 'Christopher Lloyd', 'Lea Thompson']","$214,553,307"
0245429,Spirited Away,2001,PG,2h 4m,"['Anime', 'Coming-of-Age', 'Fairy Tale', 'Hand-Drawn Animation', 'Quest', 'Supernatural Fantasy', 'Adventure', 'Animation', 'Family', 'Fantasy']",['0594503'],['Hayao Miyazaki'],['0594503'],['Hayao Miyazaki'],"['0153738', '0687189', '0997115']","['Daveigh Chase', 'Suzanne Pleshette', 'Miyu Irino']","$15,205,725"
0253474,The Pianist,2002,R,2h 30m,"['Docudrama', 'Epic', 'Period Drama', 'Tragedy', 'War Epic', 'Biography', 'Drama', 'Music', 'War']",['0000591'],['Roman Polanski'],"['0367838', '0844262']","['Ronald Harwood', 'Wladyslaw Szpilman']","['0004778', '0470981', '0277975']","['Adrien Brody', 'Thomas Kretschmann', 'Frank Finlay']","$32,590,750"
0172495,Gladiator,2000,R,2h 35m,"['Action Epic', 'Adventure Epic', 'Epic', 'Period Drama', 'Sword & Sandal', 'Action', 'Adventure', 'Drama']",['0000631'],['Ridley Scott'],"['0291905', '0517589', '0629933']","['David Franzoni', 'John Logan', 'William Nicholson']","['0000128', '0001618', '0001567']","['Russell Crowe', 'Joaquin Phoenix', 'Connie Nielsen']","$187,705,427"
6751668,Parasite,2019,R,2h 12m,"['Dark Comedy', 'Psychological Drama', 'Psychological Thriller', 'Tragedy', 'Drama', 'Thriller']",['0094435'],['Bong Joon Ho'],"['0094435', '8243301']","['Bong Joon Ho', 'Han Jin-won']","['0814280', '1310525', '1856097']","['Song Kang-ho', 'Lee Sun-kyun', 'Cho Yeo-jeong']","$53,847,897"
0054215,Psycho,1960,R,1h 49m,"['Dark Comedy', 'Psychological Horror', 'Psychological Thriller', 'Slasher Horror', 'Suspense Mystery', 'Drama', 'Horror', 'Mystery', 'Thriller']",['0000033'],['Alfred Hitchcock'],"['0825010', '0088645']","['Joseph Stefano', 'Robert Bloch']","['0000578', '0001463', '0587256']","['Anthony Perkins', 'Janet Leigh', 'Vera Miles']","$32,181,230"
0110357,The Lion King,1994,G,1h 28m,"['Adventure Epic', 'Animal Adventure', 'Coming-of-Age', 'Epic', 'Hand-Drawn Animation', 'Jungle Adventure', 'Adventure', 'Animation', 'Drama', 'Family']","['0021249', '0591450']","['Roger Allers', 'Rob Minkoff']","['0575293', '0731271', '0941314']","['Irene Mecchi', 'Jonathan Roberts', 'Linda Woolverton']","['0000111', '0000460', '0000469']","['Matthew Broderick', 'Jeremy Irons', 'James Earl Jones']","$424,979,720"
0095327,Grave of the Fireflies,1988,Not Rated,1h 28m,"['Adult Animation', 'Anime', 'Hand-Drawn Animation', 'Period Drama', 'Tragedy', 'Animation', 'Drama', 'War']",['0847223'],['Isao Takahata'],"['0636435', '0847223']","['Akiyuki Nosaka', 'Isao Takahata']","['0851302', '0794186', '0945312']","['Tsutomu Tatsumi', 'Ayano Shiraishi', 'Akemi Yamaguchi']","$516,962"
0407887,The Departed,2006,R,2h 31m,"['Cop Drama', 'Epic', 'Gangster', 'Crime', 'Drama', 'Thriller']",['0000217'],['Martin Scorsese'],"['1184258', '0538320', '0159039']","['William Monahan', 'Alan Mak', 'Felix Chong']","['0000138', '0000354', '0000197']","['Leonardo DiCaprio', 'Matt Damon', 'Jack Nicholson']","$132,399,394"
2582802,Whiplash,2014,R,1h 46m,"['Psychological Drama', 'Drama', 'Music']",['3227090'],['Damien Chazelle'],['3227090'],['Damien Chazelle'],"['1886602', '0799777', '2552034']","['Miles Teller', 'J.K. Simmons', 'Melissa Benoist']","$14,003,391"
0056058,Harakiri,1962,Not Rated,2h 13m,"['Period Drama', 'Drama', 'Mystery']",['0462030'],['Masaki Kobayashi'],"['0847668', '0368074']","['Yasuhiko Takiguchi', 'Shinobu Hashimoto']","['0619938', '0410968', '0412615']","['Tatsuya Nakadai', 'Akira Ishihama', 'Shima Iwashita']",
0482571,The Prestige,2006,PG-13,2h 10m,"['Period Drama', 'Steampunk', 'Tragedy', 'Drama', 'Mystery', 'Sci-Fi', 'Thriller']",['0634240'],['Christopher Nolan'],"['0634300', '0634240', '1793993']","['Jonathan Nolan', 'Christopher Nolan', 'Christopher Priest']","['0000288', '0413168', '0424060']","['Christian Bale', 'Hugh Jackman', 'Scarlett Johansson']","$53,089,891"
0120586,American History X,1998,R,1h 59m,"['Prison Drama', 'Psychological Drama', 'Tragedy', 'Crime', 'Drama']",['0443411'],['Tony Kaye'],['0571346'],['David McKenna'],"['0001570', '0000411', '0000350']","['Edward Norton', 'Edward Furlong', ""Beverly D'Angelo""]","$6,719,864"
0110413,Léon: The Professional,1994,R,1h 50m,"['Gangster', 'One-Person Army Action', 'Action', 'Crime', 'Drama', 'Thriller']",['0000108'],['Luc Besson'],['0000108'],['Luc Besson'],"['0000606', '0000198', '0000204']","['Jean Reno', 'Gary Oldman', 'Natalie Portman']","$19,501,238"
9362722,Spider-Man: Across the Spider-Verse,2023,PG,2h 20m,"['Action Epic', 'Computer Animation', 'Superhero', 'Supernatural Fantasy', 'Teen Adventure', 'Urban Adventure', 'Action', 'Adventure', 'Animation', 'Family']","['1690966', '5358492', '1042511']","['Joaquim Dos Santos', 'Kemp Powers', 'Justin K. Thompson']","['0520488', '0588087', '1709264']","['Phil Lord', 'Christopher Miller', 'Dave Callaham']","['4271336', '2794962', '3109964']","['Shameik Moore', 'Hailee Steinfeld', 'Brian Tyree Henry']","$381,593,754"
0034583,Casablanca,1942,PG,1h 42m,"['Psychological Drama', 'Drama', 'Romance', 'War']",['0002031'],['Michael Curtiz'],"['16909158', '0258493', '0462321']","['Philip G. Epstein', 'Julius J. Epstein', 'Howard Koch']","['0000007', '0000006', '0002134']","['Humphrey Bogart', 'Ingrid Bergman', 'Paul Henreid']","$4,219,709"
0095765,Cinema Paradiso,1988,PG,2h 54m,"['Coming-of-Age', 'Drama', 'Romance']",['0868153'],['Giuseppe Tornatore'],"['0868153', '0660031']","['Giuseppe Tornatore', 'Vanna Paoli']","['0634159', '0134073', '0041066']","['Philippe Noiret', 'Enzo Cannavale', 'Antonella Attili']","$12,397,210"
1675434,The Intouchables,2011,R,1h 52m,"['Buddy Comedy', 'Docudrama', 'Comedy', 'Drama']","['0619923', '0865918']","['Olivier Nakache', 'Éric Toledano']","['0619923', '0865918', '4778840']","['Olivier Nakache', 'Éric Toledano', 'Philippe Pozzo di Borgo']","['0167388', '1082477', '0494504']","['François Cluzet', 'Omar Sy', 'Anne Le Ny']","$10,198,820"
0114814,The Usual Suspects,1995,R,1h 46m,"['Caper', 'Gangster', 'Heist', 'Psychological Drama', 'Psychological Thriller', 'Suspense Mystery', 'Whodunnit', 'Crime', 'Drama', 'Mystery']",['0001741'],['Bryan Singer'],['0003160'],['Christopher McQuarrie'],"['0000228', '0000321', '0001590']","['Kevin Spacey', 'Gabriel Byrne', 'Chazz Palminteri']","$23,341,568"
0078748,Alien,1979,R,1h 57m,"['Alien Invasion', 'Body Horror', 'Cyberpunk', 'Monster Horror', 'Space Sci-Fi', 'Tragedy', 'Horror', 'Sci-Fi']",['0000631'],['Ridley Scott'],"['0639321', '0795953']","[""Dan O'Bannon"", 'Ronald Shusett']","['0000244', '0000643', '0000457']","['Sigourney Weaver', 'Tom Skerritt', 'John Hurt']","$84,206,106"
0027977,Modern Times,1936,G,1h 27m,"['Romantic Comedy', 'Satire', 'Slapstick', 'Comedy', 'Drama', 'Romance']",['0000122'],['Charles Chaplin'],['0000122'],['Charles Chaplin'],"['0000122', '0002104', '0074788']","['Charles Chaplin', 'Paulette Goddard', 'Henry Bergman']","$163,577"
0047396,Rear Window,1954,PG,1h 52m,"['Psychological Thriller', 'Suspense Mystery', 'Drama', 'Mystery', 'Thriller']",['0000033'],['Alfred Hitchcock'],"['0371088', '0941280']","['John Michael Hayes', 'Cornell Woolrich']","['0000071', '0000038', '0179819']","['James Stewart', 'Grace Kelly', 'Wendell Corey']","$37,622,343"
1853728,Django Unchained,2012,R,2h 45m,"['Dark Comedy', 'Epic', 'One-Person Army Action', 'Period Drama', 'Western Epic', 'Western']",['0000233'],['Quentin Tarantino'],['0000233'],['Quentin Tarantino'],"['0004937', '0910607', '0000138']","['Jamie Foxx', 'Christoph Waltz', 'Leonardo DiCaprio']","$162,805,434"
0064116,Once Upon a Time in the West,1968,PG-13,2h 46m,"['Adventure Epic', 'Desert Adventure', 'Epic', 'Period Drama', 'Quest', 'Spaghetti Western', 'Western Epic', 'Drama', 'Western']",['0001466'],['Sergio Leone'],"['0006872', '0001466', '0000783']","['Sergio Donati', 'Sergio Leone', 'Dario Argento']","['0000020', '0000314', '0001012']","['Henry Fonda', 'Charles Bronson', 'Claudia Cardinale']","$5,321,508"
0021749,City Lights,1931,G,1h 27m,"['Feel-Good Romance', 'Romantic Comedy', 'Satire', 'Slapstick', 'Comedy', 'Drama', 'Romance']",['0000122'],['Charles Chaplin'],"['0000122', '0139714', '0188357']","['Charles Chaplin', 'Harry Carr', 'Harry Crocker']","['0000122', '0156039', '5681967']","['Charles Chaplin', 'Virginia Cherrill', 'Florence Lee']","$19,181"
0078788,Apocalypse Now,1979,R,2h 27m,"['Adventure Epic', 'Epic', 'Hard-boiled Detective', 'Psychological Drama', 'Quest', 'Suspense Mystery', 'War Epic', 'Drama', 'Mystery', 'War']",['0000338'],['Francis Ford Coppola'],"['0587518', '0000338', '0380282']","['John Milius', 'Francis Ford Coppola', 'Michael Herr']","['0000640', '0000008', '0000380']","['Martin Sheen', 'Marlon Brando', 'Robert Duvall']","$96,074,376"
0910970,WALL·E,2008,G,1h 38m,"['Adventure Epic', 'Artificial Intelligence', 'Computer Animation', 'Dystopian Sci-Fi', 'Epic', 'Psychological Drama', 'Sci-Fi Epic', 'Space Sci-Fi', 'Adventure', 'Animation']",['0004056'],['Andrew Stanton'],"['0004056', '0230032', '0714114']","['Andrew Stanton', 'Pete Docter', 'Jim Reardon']","['0123785', '2264184', '0307531']","['Ben Burtt', 'Elissa Knight', 'Jeff Garlin']","$223,808,164"
0209144,Memento,2000,R,1h 53m,"['Psychological Thriller', 'Suspense Mystery', 'Drama', 'Mystery', 'Thriller']",['0634240'],['Christopher Nolan'],"['0634240', '0634300']","['Christopher Nolan', 'Jonathan Nolan']","['0001602', '0005251', '0001592']","['Guy Pearce', 'Carrie-Anne Moss', 'Joe Pantoliano']","$25,544,867"
15239678,Dune: Part Two,2024,PG-13,2h 46m,"['Action Epic', 'Desert Adventure', 'Epic', 'Sci-Fi Epic', 'Space Sci-Fi', 'Action', 'Adventure', 'Drama', 'Sci-Fi']",['0898288'],['Denis Villeneuve'],"['0898288', '3123612', '0378541']","['Denis Villeneuve', 'Jon Spaihts', 'Frank Herbert']","['3154303', '3918035', '0272581']","['Timothée Chalamet', 'Zendaya', 'Rebecca Ferguson']","$282,144,358"
0082971,Raiders of the Lost Ark,1981,PG,1h 55m,"['Action Epic', 'Adventure Epic', 'Desert Adventure', 'Epic', 'Globetrotting Adventure', 'Quest', 'Action', 'Adventure']",['0000229'],['Steven Spielberg'],"['0001410', '0000184', '0442241']","['Lawrence Kasdan', 'George Lucas', 'Philip Kaufman']","['0000148', '0000261', '0293550']","['Harrison Ford', 'Karen Allen', 'Paul Freeman']","$248,159,971"
4154756,Avengers: Infinity War,2018,PG-13,2h 29m,"['Space Sci-Fi', 'Superhero', 'Action', 'Adventure', 'Sci-Fi']","['0751577', '0751648']","['Anthony Russo', 'Joe Russo']","['1321655', '1321656', '0498278']","['Christopher Markus', 'Stephen McFeely', 'Stan Lee']","['0000375', '1165110', '0749263']","['Robert Downey Jr.', 'Chris Hemsworth', 'Mark Ruffalo']","$678,815,482"
0405094,The Lives of Others,2006,R,2h 17m,"['Political Thriller', 'Psychological Drama', 'Spy', 'Drama', 'Mystery', 'Thriller']",['0003697'],['Florian Henckel von Donnersmarck'],['0003697'],['Florian Henckel von Donnersmarck'],"['0618057', '0311476', '0462407']","['Ulrich Mühe', 'Martina Gedeck', 'Sebastian Koch']","$11,286,112"
0043014,Sunset Boulevard,1950,Approved,1h 50m,"['Dark Comedy', 'Film Noir', 'Psychological Drama', 'Showbiz Drama', 'Tragedy', 'Drama']",['0000697'],['Billy Wilder'],"['0102818', '0000697', '0551261']","['Charles Brackett', 'Billy Wilder', 'D.M. Marshman Jr.']","['0000034', '0841797', '0002233']","['William Holden', 'Gloria Swanson', 'Erich von Stroheim']","$299,645"
4633694,Spider-Man: Into the Spider-Verse,2018,PG,1h 57m,"['Coming-of-Age', 'Computer Animation', 'Quirky Comedy', 'Superhero', 'Supernatural Fantasy', 'Teen Adventure', 'Teen Comedy', 'Teen Drama', 'Urban Adventure', 'Action']","['2130108', '0709056', '0745247']","['Bob Persichetti', 'Peter Ramsey', 'Rodney Rothman']","['0520488', '0745247']","['Phil Lord', 'Rodney Rothman']","['4271336', '2159926', '2794962']","['Shameik Moore', 'Jake Johnson', 'Hailee Steinfeld']","$190,241,310"
0051201,Witness for the Prosecution,1957,Approved,1h 56m,"['Legal Drama', 'Legal Thriller', 'Whodunnit', 'Crime', 'Drama', 'Mystery', 'Thriller']",['0000697'],['Billy Wilder'],"['0002005', '0000697', '0475823']","['Agatha Christie', 'Billy Wilder', 'Harry Kurnitz']","['0000061', '0000017', '0001452']","['Tyrone Power', 'Marlene Dietrich', 'Charles Laughton']",
0050825,Paths of Glory,1957,Approved,1h 28m,"['Epic', 'Legal Drama', 'Period Drama', 'Political Drama', 'Psychological Drama', 'Tragedy', 'War Epic', 'Drama', 'War']",['0000040'],['Stanley Kubrick'],"['0000040', '0932229', '0860292']","['Stanley Kubrick', 'Calder Willingham', 'Jim Thompson']","['0000018', '0576127', '0579663']","['Kirk Douglas', 'Ralph Meeker', 'Adolphe Menjou']",
0081505,The Shining,1980,R,2h 26m,"['Psychological Drama', 'Psychological Horror', 'Supernatural Horror', 'Drama', 'Horror']",['0000040'],['Stanley Kubrick'],"['0000175', '0000040', '0424956']","['Stephen King', 'Stanley Kubrick', 'Diane Johnson']","['0000197', '0001167', '0515950']","['Jack Nicholson', 'Shelley Duvall', 'Danny Lloyd']","$45,634,352"
0032553,The Great Dictator,1940,G,2h 5m,"['Dark Comedy', 'Parody', 'Political Drama', 'Satire', 'Slapstick', 'Comedy', 'Drama', 'War']",['0000122'],['Charles Chaplin'],['0000122'],['Charles Chaplin'],"['0000122', '0002104', '0642988']","['Charles Chaplin', 'Paulette Goddard', 'Jack Oakie']",
0361748,Inglourious Basterds,2009,R,2h 33m,"['Dark Comedy', 'Period Drama', 'Adventure', 'Drama', 'War']",['0000233'],['Quentin Tarantino'],['0000233'],['Quentin Tarantino'],"['0000093', '1208167', '0744834']","['Brad Pitt', 'Diane Kruger', 'Eli Roth']","$120,540,719"
23849204,12th Fail,2023,,2h 27m,"['Docudrama', 'Biography', 'Drama']",['0006765'],['Vidhu Vinod Chopra'],"['0006765', '8402629', '15090267']","['Vidhu Vinod Chopra', 'Jaskunwar Kohli', 'Anurag Pathak']","['5447706', '10791162', '8910763']","['Vikrant Massey', 'Medha Shankr', 'Anant Joshi']",
0090605,Aliens,1986,R,2h 17m,"['Alien Invasion', 'Cyberpunk', 'Monster Horror', 'Space Sci-Fi', 'Survival', 'Tragedy', 'Action', 'Adventure', 'Horror', 'Sci-Fi']",['0000116'],['James Cameron'],"['0000116', '0318429', '0001353']","['James Cameron', 'David Giler', 'Walter Hill']","['0000244', '0000299', '0001343']","['Sigourney Weaver', 'Michael Biehn', 'Carrie Henn']","$85,160,248"
1345836,The Dark Knight Rises,2012,PG-13,2h 44m,"['Action Epic', 'Epic', 'Superhero', 'Action', 'Crime', 'Drama', 'Thriller']",['0634240'],['Christopher Nolan'],"['0634300', '0634240', '0275286']","['Jonathan Nolan', 'Christopher Nolan', 'David S. Goyer']","['0000288', '0362766', '0004266']","['Christian Bale', 'Tom Hardy', 'Anne Hathaway']","$448,149,584"
2380307,Coco,2017,PG,1h 45m,"['Computer Animation', 'Dark Comedy', 'Supernatural Fantasy', 'Adventure', 'Animation', 'Drama', 'Family', 'Fantasy', 'Music', 'Mystery']","['0881279', '2937122']","['Lee Unkrich', 'Adrian Molina']","['0881279', '0441735', '0017690']","['Lee Unkrich', 'Jason Katz', 'Matthew Aldrich']","['5645519', '0305558', '0000973']","['Anthony Gonzalez', 'Gael García Bernal', 'Benjamin Bratt']","$210,460,015"
0086879,Amadeus,1984,PG,2h 40m,"['Costume Drama', 'Epic', 'Period Drama', 'Tragedy', 'Biography', 'Drama', 'Music']",['0001232'],['Milos Forman'],"['0787323', '0537004']","['Peter Shaffer', 'Zdenek Mahler']","['0000719', '0001371', '0000931']","['F. Murray Abraham', 'Tom Hulce', 'Elizabeth Berridge']","$51,973,029"
4154796,Avengers: Endgame,2019,PG-13,3h 1m,"['Space Sci-Fi', 'Superhero', 'Time Travel', 'Tragedy', 'Action', 'Adventure', 'Sci-Fi']","['0751577', '0751648']","['Anthony Russo', 'Joe Russo']","['1321655', '1321656', '0498278']","['Christopher Markus', 'Stephen McFeely', 'Stan Lee']","['0000375', '0262635', '0749263']","['Robert Downey Jr.', 'Chris Evans', 'Mark Ruffalo']","$858,373,000"
0057565,High and Low,1963,Not Rated,2h 23m,"['Police Procedural', 'Crime', 'Drama', 'Mystery', 'Thriller']",['0000041'],['Akira Kurosawa'],"['0644823', '0452878', '0386750']","['Hideo Oguni', 'Ryûzô Kikushima', 'Eijirô Hisaita']","['0001536', '0755403', '0619938']","['Toshirô Mifune', 'Yutaka Sada', 'Tatsuya Nakadai']","$46,808"
0119217,Good Will Hunting,1997,R,2h 6m,"['Coming-of-Age', 'Psychological Drama', 'Drama', 'Romance']",['0001814'],['Gus Van Sant'],"['0000354', '0000255']","['Matt Damon', 'Ben Affleck']","['0000245', '0000354', '0000255']","['Robin Williams', 'Matt Damon', 'Ben Affleck']","$138,433,435"
0114709,Toy Story,1995,G,1h 21m,"['Buddy Comedy', 'Computer Animation', 'Supernatural Fantasy', 'Urban Adventure', 'Adventure', 'Animation', 'Comedy', 'Family', 'Fantasy']",['0005124'],['John Lasseter'],"['0005124', '0230032', '0004056']","['John Lasseter', 'Pete Docter', 'Andrew Stanton']","['0000158', '0000741', '0725543']","['Tom Hanks', 'Tim Allen', 'Don Rickles']","$227,711,980"
0364569,Oldboy,2003,R,2h,"['Dark Comedy', 'One-Person Army Action', 'Psychological Drama', 'Psychological Thriller', 'Action', 'Drama', 'Mystery', 'Thriller']",['0661791'],['Park Chan-wook'],"['1628380', '2057405', '0661791']","['Garon Tsuchiya', 'Nobuaki Minegishi', 'Park Chan-wook']","['0158856', '0949167', '1367246']","['Choi Min-sik', 'Yoo Ji-tae', 'Kang Hye-jeong']","$2,458,200"
0057012,Dr. Strangelove or: How I Learned to Stop Worrying and Love the Bomb,1964,PG,1h 35m,"['Dark Comedy', 'Farce', 'Political Drama', 'Quirky Comedy', 'Satire', 'Tragedy', 'Comedy', 'War']",['0000040'],['Stanley Kubrick'],"['0000040', '0816143', '0313570']","['Stanley Kubrick', 'Terry Southern', 'Peter George']","['0000634', '0001715', '0001330']","['Peter Sellers', 'George C. Scott', 'Sterling Hayden']","$9,440,272"
0082096,Das Boot,1981,,2h 29m,"['Epic', 'War Epic', 'Drama', 'War']",['0000583'],['Wolfgang Petersen'],"['0000583', '0118164']","['Wolfgang Petersen', 'Lothar G. Buchheim']","['0001638', '0344963', '0921044']","['Jürgen Prochnow', 'Herbert Grönemeyer', 'Klaus Wennemann']","$11,487,676"
0112573,Braveheart,1995,R,2h 58m,"['Action Epic', 'Costume Drama', 'Epic', 'Period Drama', 'War Epic', 'Biography', 'Drama', 'War']",['0000154'],['Mel Gibson'],['0908824'],['Randall Wallace'],"['0000154', '0000521', '0001526']","['Mel Gibson', 'Sophie Marceau', 'Patrick McGoohan']","$75,609,945"
5311514,Your Name.,2016,,1h 46m,"['Anime', 'Hand-Drawn Animation', 'Psychological Drama', 'Shōjo', 'Animation', 'Drama', 'Fantasy', 'Romance']",['1396121'],['Makoto Shinkai'],['1396121'],['Makoto Shinkai'],"['1126340', '4759838', '6954008']","['Ryûnosuke Kamiki', 'Mone Kamishiraishi', 'Ryo Narita']","$5,017,246"
0119698,Princess Mononoke,1997,PG-13,2h 13m,"['Action Epic', 'Adult Animation', 'Adventure Epic', 'Anime', 'Dark Fantasy', 'Epic', 'Fantasy Epic', 'Hand-Drawn Animation', 'Quest', 'Supernatural Fantasy']",['0594503'],['Hayao Miyazaki'],['0594503'],['Hayao Miyazaki'],"['0559444', '0410942', '0849100']","['Yôji Matsuda', 'Yuriko Ishida', 'Yûko Tanaka']","$11,696,687"
0169547,American Beauty,1999,R,2h 2m,"['Psychological Drama', 'Tragedy', 'Drama']",['0005222'],['Sam Mendes'],['0050332'],['Alan Ball'],"['0000228', '0000906', '0000301']","['Kevin Spacey', 'Annette Bening', 'Thora Birch']","$130,096,601"
1187043,3 Idiots,2009,PG-13,2h 50m,"['Buddy Comedy', 'Coming-of-Age', 'Quirky Comedy', 'Satire', 'Comedy', 'Drama']",['0386246'],['Rajkumar Hirani'],"['0430785', '0386246', '0006765']","['Abhijat Joshi', 'Rajkumar Hirani', 'Vidhu Vinod Chopra']","['0451148', '0534856', '1587175']","['Aamir Khan', 'Madhavan', 'Mona Singh']","$6,532,874"
7286456,Joker,2019,R,2h 2m,"['Psychological Drama', 'Psychological Thriller', 'Tragedy', 'Crime', 'Drama', 'Thriller']",['0680846'],['Todd Phillips'],"['0680846', '0798788', '0004170']","['Todd Phillips', 'Scott Silver', 'Bob Kane']","['0001618', '0000134', '5939164']","['Joaquin Phoenix', 'Robert De Niro', 'Zazie Beetz']","$335,477,657"
8267604,Capernaum,2018,R,2h 6m,"['Coming-of-Age', 'Legal Drama', 'Psychological Drama', 'Drama']",['1701024'],['Nadine Labaki'],"['1701024', '2764802', '9878616']","['Nadine Labaki', 'Jihad Hojeily', 'Michelle Keserwany']","['9862858', '9862859', '9862860']","['Zain Al Rafeea', 'Yordanos Shiferaw', 'Boluwatife Treasure Bankole']","$1,661,096"
0087843,Once Upon a Time in America,1984,R,3h 49m,"['Dark Comedy', 'Epic', 'Gangster', 'Period Drama', 'Crime', 'Drama']",['0001466'],['Sergio Leone'],"['0340580', '0073053', '0207401']","['Harry Grey', 'Leonardo Benvenuti', 'Piero De Bernardi']","['0000134', '0000249', '0001527']","['Robert De Niro', 'James Woods', 'Elizabeth McGovern']","$5,321,508"
0045152,Singin' in the Rain,1952,G,1h 43m,"['Classic Musical', 'Feel-Good Romance', 'Jukebox Musical', 'Romantic Comedy', 'Satire', 'Comedy', 'Musical', 'Romance']","['0002045', '0000037']","['Stanley Donen', 'Gene Kelly']","['0173679', '0337582']","['Betty Comden', 'Adolph Green']","['0000037', '0640307', '0001666']","['Gene Kelly', ""Donald O'Connor"", 'Debbie Reynolds']","$1,884,537"
0091251,Come and See,1985,Not Rated,2h 22m,"['Epic', 'Period Drama', 'Psychological Drama', 'Tragedy', 'War Epic', 'Drama', 'Thriller', 'War']",['0459552'],['Elem Klimov'],"['0010696', '0459552']","['Ales Adamovich', 'Elem Klimov']","['0470385', '0592500', '0490708']","['Aleksey Kravchenko', 'Olga Mironova', 'Liubomiras Laucevicius']","$71,909"
0180093,Requiem for a Dream,2000,NC-17,1h 42m,"['Psychological Drama', 'Tragedy', 'Drama']",['0004716'],['Darren Aronofsky'],"['0782968', '0004716']","['Hubert Selby Jr.', 'Darren Aronofsky']","['0000995', '0001467', '0000124']","['Ellen Burstyn', 'Jared Leto', 'Jennifer Connelly']","$3,635,482"
0086190,Star Wars: Episode VI - Return of the Jedi,1983,PG,2h 11m,"['Action Epic', 'Adventure Epic', 'Dark Fantasy', 'Dystopian Sci-Fi', 'Epic', 'Fantasy Epic', 'Globetrotting Adventure', 'Quest', 'Sci-Fi Epic', 'Space Sci-Fi']",['0549658'],['Richard Marquand'],"['0001410', '0000184']","['Lawrence Kasdan', 'George Lucas']","['0000434', '0000148', '0000402']","['Mark Hamill', 'Harrison Ford', 'Carrie Fisher']","$316,566,101"
0435761,Toy Story 3,2010,G,1h 43m,"['Computer Animation', 'Psychological Drama', 'Supernatural Fantasy', 'Urban Adventure', 'Adventure', 'Animation', 'Comedy', 'Family', 'Fantasy']",['0881279'],['Lee Unkrich'],"['0005124', '0004056', '0881279']","['John Lasseter', 'Andrew Stanton', 'Lee Unkrich']","['0000158', '0000741', '0000349']","['Tom Hanks', 'Tim Allen', 'Joan Cusack']","$415,004,880"
2106476,The Hunt,2012,R,1h 55m,"['Psychological Drama', 'Tragedy', 'Drama']",['0899121'],['Thomas Vinterberg'],"['0899121', '2105585']","['Thomas Vinterberg', 'Tobias Lindholm']","['0586568', '0488917', '5038871']","['Mads Mikkelsen', 'Thomas Bo Larsen', 'Annika Wedderkopp']","$613,308"
0044741,Ikiru,1952,Not Rated,2h 23m,"['Psychological Drama', 'Tragedy', 'Drama']",['0000041'],['Akira Kurosawa'],"['0000041', '0368074', '0644823']","['Akira Kurosawa', 'Shinobu Hashimoto', 'Hideo Oguni']","['0793766', '0437520', '0385443']","['Takashi Shimura', 'Nobuo Kaneko', ""Shin'ichi Himori""]","$60,239"
0338013,Eternal Sunshine of the Spotless Mind,2004,R,1h 48m,"['Dark Romance', 'Psychological Drama', 'Drama', 'Romance', 'Sci-Fi']",['0327273'],['Michel Gondry'],"['0442109', '0327273', '1410028']","['Charlie Kaufman', 'Michel Gondry', 'Pierre Bismuth']","['0000120', '0000701', '0929489']","['Jim Carrey', 'Kate Winslet', 'Tom Wilkinson']","$34,400,301"
1255953,Incendies,2010,R,2h 11m,"['Suspense Mystery', 'Drama', 'Mystery', 'War']",['0898288'],['Denis Villeneuve'],"['1416431', '0898288', '4034068']","['Wajdi Mouawad', 'Denis Villeneuve', 'Valérie Beaugrand-Champagne']","['0044073', '0246386', '0309945']","['Lubna Azabal', 'Mélissa Désormeaux-Poulin', 'Maxim Gaudette']","$2,071,334"
0053604,The Apartment,1960,Approved,2h 5m,"['Dark Comedy', 'Farce', 'Feel-Good Romance', 'Holiday Comedy', 'Holiday Romance', 'Quirky Comedy', 'Romantic Comedy', 'Satire', 'Workplace Drama', 'Comedy']",['0000697'],['Billy Wilder'],"['0000697', '0224634']","['Billy Wilder', 'I.A.L. Diamond']","['0000493', '0000511', '0534045']","['Jack Lemmon', 'Shirley MacLaine', 'Fred MacMurray']","$18,600,000"
0056172,Lawrence of Arabia,1962,PG,3h 47m,"['Adventure Epic', 'Desert Adventure', 'Epic', 'Tragedy', 'War Epic', 'Adventure', 'Biography', 'Drama', 'War']",['0000180'],['David Lean'],"['0004122', '0933858']","['Robert Bolt', 'Michael Wilson']","['0000564', '0000027', '0000063']","[""Peter O'Toole"", 'Alec Guinness', 'Anthony Quinn']","$45,306,425"
0062622,2001: A Space Odyssey,1968,G,2h 29m,"['Adventure Epic', 'Artificial Intelligence', 'Epic', 'Psychological Drama', 'Sci-Fi Epic', 'Space Sci-Fi', 'Adventure', 'Sci-Fi']",['0000040'],['Stanley Kubrick'],"['0000040', '0002009']","['Stanley Kubrick', 'Arthur C. Clarke']","['0001158', '0516972', '0843213']","['Keir Dullea', 'Gary Lockwood', 'William Sylvester']","$60,481,243"
0105236,Reservoir Dogs,1992,R,1h 39m,"['Gangster', 'Heist', 'Crime', 'Thriller']",['0000233'],['Quentin Tarantino'],"['0000233', '0000812']","['Quentin Tarantino', 'Roger Avary']","['0000172', '0000619', '0000514']","['Harvey Keitel', 'Tim Roth', 'Michael Madsen']","$2,832,029"
0086250,Scarface,1983,R,2h 50m,"['Drug Crime', 'Epic', 'Gangster', 'Tragedy', 'Crime', 'Drama']",['0000361'],['Brian De Palma'],"['0000231', '0001328', '0372942']","['Oliver Stone', 'Howard Hawks', 'Ben Hecht']","['0000199', '0000201', '0000874']","['Al Pacino', 'Michelle Pfeiffer', 'Steven Bauer']","$45,967,303"
0113277,Heat,1995,R,2h 50m,"['Action Epic', 'Cop Drama', 'Epic', 'Gangster', 'Heist', 'Action', 'Crime', 'Drama']",['0000520'],['Michael Mann'],['0000520'],['Michael Mann'],"['0000199', '0000134', '0000174']","['Al Pacino', 'Robert De Niro', 'Val Kilmer']","$67,436,818"
0036775,Double Indemnity,1944,Approved,1h 47m,"['Film Noir', 'Hard-boiled Detective', 'Crime', 'Drama', 'Mystery', 'Thriller']",['0000697'],['Billy Wilder'],"['0000697', '0151452', '0128906']","['Billy Wilder', 'Raymond Chandler', 'James M. Cain']","['0534045', '0001766', '0000064']","['Fred MacMurray', 'Barbara Stanwyck', 'Edward G. Robinson']",
0053125,North by Northwest,1959,Approved,2h 16m,"['Spy', 'Adventure', 'Drama', 'Mystery', 'Thriller']",['0000033'],['Alfred Hitchcock'],['0499626'],['Ernest Lehman'],"['0000026', '0001693', '0000051']","['Cary Grant', 'Eva Marie Saint', 'James Mason']","$66,728"
1049413,Up,2009,PG,1h 36m,"['Buddy Comedy', 'Coming-of-Age', 'Computer Animation', 'Globetrotting Adventure', 'Quest', 'Adventure', 'Animation', 'Comedy', 'Drama', 'Family']","['0230032', '0677037']","['Pete Docter', 'Bob Peterson']","['0230032', '0677037', '0565336']","['Pete Docter', 'Bob Peterson', 'Tom McCarthy']","['0000799', '2973712', '0001652']","['Edward Asner', 'Jordan Nagai', 'John Ratzenberger']","$293,004,164"
0022100,M,1931,Passed,1h 39m,"['Psychological Thriller', 'Serial Killer', 'Suspense Mystery', 'Crime', 'Mystery', 'Thriller']",['0000485'],['Fritz Lang'],"['0902376', '0000485', '0414825']","['Thea von Harbou', 'Fritz Lang', 'Egon Jacobsohn']","['0000048', '0927145', '0484737']","['Peter Lorre', 'Ellen Widmann', 'Inge Landgut']","$35,566"
0033467,Citizen Kane,1941,PG,1h 59m,"['Epic', 'Period Drama', 'Tragedy', 'Drama', 'Mystery']",['0000080'],['Orson Welles'],"['0542534', '0000080', '0002144']","['Herman J. Mankiewicz', 'Orson Welles', 'John Houseman']","['0000080', '0001072', '0173827']","['Orson Welles', 'Joseph Cotten', 'Dorothy Comingore']","$1,627,530"
0093058,Full Metal Jacket,1987,R,1h 56m,"['Dark Comedy', 'Period Drama', 'Psychological Drama', 'Drama', 'War']",['0000040'],['Stanley Kubrick'],"['0000040', '0380282', '0368007']","['Stanley Kubrick', 'Michael Herr', 'Gustav Hasford']","['0000546', '0000388', '0000352']","['Matthew Modine', 'R. Lee Ermey', ""Vincent D'Onofrio""]","$46,357,676"
0052357,Vertigo,1958,PG,2h 8m,"['Conspiracy Thriller', 'Dark Romance', 'Psychological Thriller', 'Suspense Mystery', 'Tragedy', 'Mystery', 'Romance', 'Thriller']",['0000033'],['Alfred Hitchcock'],"['0178785', '0853138', '0092267']","['Alec Coppel', 'Samuel A. Taylor', 'Pierre Boileau']","['0000071', '0001571', '0000895']","['James Stewart', 'Kim Novak', 'Barbara Bel Geddes']","$7,863,310"
0211915,Amélie,2001,R,2h 2m,"['Feel-Good Romance', 'Quirky Comedy', 'Romantic Comedy', 'Comedy', 'Romance']",['0000466'],['Jean-Pierre Jeunet'],"['0491011', '0000466']","['Guillaume Laurant', 'Jean-Pierre Jeunet']","['0851582', '0440913', '0749363']","['Audrey Tautou', 'Mathieu Kassovitz', 'Rufus']","$33,712,444"
0986264,Like Stars on Earth,2007,PG,2h 42m,"['Coming-of-Age', 'Drama', 'Family']",['0451148'],['Aamir Khan'],['1244760'],['Amole Gupte'],"['2594301', '0451148', '1538116']","['Darsheel Safary', 'Aamir Khan', 'Tisca Chopra']","$1,223,869"
1832382,A Separation,2011,PG-13,2h 3m,"['Legal Drama', 'Psychological Drama', 'Drama']",['1410815'],['Asghar Farhadi'],['1410815'],['Asghar Farhadi'],"['1818216', '0368689', '4299147']","['Payman Maadi', 'Leila Hatami', 'Sareh Bayat']","$7,099,055"
0056592,To Kill a Mockingbird,1962,Approved,2h 9m,"['Legal Drama', 'Period Drama', 'Crime', 'Drama']",['0612322'],['Robert Mulligan'],"['0497369', '0285210']","['Harper Lee', 'Horton Foote']","['0000060', '0576345', '0653942']","['Gregory Peck', 'John Megna', 'Frank Overton']","$592,237"
0095016,Die Hard,1988,R,2h 12m,"['Dark Comedy', 'Disaster', 'One-Person Army Action', 'Action', 'Holiday', 'Thriller']",['0001532'],['John McTiernan'],"['0861636', '0835732', '0211823']","['Roderick Thorp', 'Jeb Stuart', 'Steven E. de Souza']","['0000246', '0000614', '0000889']","['Bruce Willis', 'Alan Rickman', 'Bonnie Bedelia']","$85,892,546"
0070735,The Sting,1973,PG,2h 9m,"['Caper', 'Comedy', 'Crime', 'Drama']",['0001351'],['George Roy Hill'],['0911486'],['David S. Ward'],"['0000056', '0000602', '0001727']","['Paul Newman', 'Robert Redford', 'Robert Shaw']","$156,000,000"
0097576,Indiana Jones and the Last Crusade,1989,PG-13,2h 7m,"['Action Epic', 'Adventure Epic', 'Desert Adventure', 'Epic', 'Globetrotting Adventure', 'Quest', 'Action', 'Adventure']",['0000229'],['Steven Spielberg'],"['0090151', '0000184', '0583675']","['Jeffrey Boam', 'George Lucas', 'Menno Meyjes']","['0000148', '0000125', '0233145']","['Harrison Ford', 'Sean Connery', 'Alison Doody']","$197,171,806"
0066921,A Clockwork Orange,1971,R,2h 16m,"['Dark Comedy', 'Dystopian Sci-Fi', 'Crime', 'Sci-Fi']",['0000040'],['Stanley Kubrick'],"['0000040', '0121256']","['Stanley Kubrick', 'Anthony Burgess']","['0000532', '0535861', '0060988']","['Malcolm McDowell', 'Patrick Magee', 'Michael Bates']","$26,617,553"
0017136,Metropolis,1927,Not Rated,2h 33m,"['Dystopian Sci-Fi', 'Epic', 'Sci-Fi Epic', 'Steampunk', 'Drama', 'Sci-Fi']",['0000485'],['Fritz Lang'],"['0902376', '0000485']","['Thea von Harbou', 'Fritz Lang']","['0375609', '0002154', '0297054']","['Brigitte Helm', 'Alfred Abel', 'Gustav Fröhlich']","$1,236,166"
0208092,Snatch,2000,R,1h 42m,"['Caper', 'Dark Comedy', 'Gangster', 'Comedy', 'Crime']",['0005363'],['Guy Ritchie'],['0005363'],['Guy Ritchie'],"['0005458', '0000093', '0334318']","['Jason Statham', 'Brad Pitt', 'Stephen Graham']","$30,328,156"
8579674,1917,2019,R,1h 59m,"['Epic', 'Period Drama', 'War Epic', 'Action', 'Drama', 'War']",['0005222'],['Sam Mendes'],"['0005222', '4880670']","['Sam Mendes', 'Krysty Wilson-Cairns']","['2835616', '1126657', '0990547']","['Dean-Charles Chapman', 'George MacKay', 'Daniel Mays']","$159,227,644"
15398776,Oppenheimer,2023,R,3h,"['Docudrama', 'Epic', 'Historical Epic', 'Period Drama', 'Psychological Drama', 'Biography', 'Drama', 'History']",['0634240'],['Christopher Nolan'],"['0634240', '3284831', '2452558']","['Christopher Nolan', 'Kai Bird', 'Martin Sherwin']","['0614165', '1289434', '0000354']","['Cillian Murphy', 'Emily Blunt', 'Matt Damon']","$330,078,895"
0119488,L.A. Confidential,1997,R,2h 18m,"['Conspiracy Thriller', 'Cop Drama', 'Hard-boiled Detective', 'Period Drama', 'Police Procedural', 'Suspense Mystery', 'Whodunnit', 'Crime', 'Drama', 'Mystery']",['0000436'],['Curtis Hanson'],"['0255278', '0001338', '0000436']","['James Ellroy', 'Brian Helgeland', 'Curtis Hanson']","['0000228', '0000128', '0001602']","['Kevin Spacey', 'Russell Crowe', 'Guy Pearce']","$64,616,940"
0363163,Downfall,2004,R,2h 36m,"['Docudrama', 'Political Drama', 'Tragedy', 'Biography', 'Drama', 'History', 'War']",['0386570'],['Oliver Hirschbiegel'],"['0251536', '0275264', '0432622']","['Bernd Eichinger', 'Joachim Fest', 'Traudl Junge']","['0004486', '0487884', '0559890']","['Bruno Ganz', 'Alexandra Maria Lara', 'Ulrich Matthes']","$5,509,040"
0040522,Bicycle Thieves,1948,Not Rated,1h 29m,"['Psychological Drama', 'Quest', 'Tragedy', 'Drama', 'Financial Drama']",['0001120'],['Vittorio De Sica'],"['0953790', '0059030', '0080755']","['Cesare Zavattini', 'Luigi Bartolini', 'Oreste Biancoli']","['0536009', '0821543', '0136794']","['Lamberto Maggiorani', 'Enzo Staiola', 'Lianella Carell']","$371,111"
5074352,Dangal,2016,Not Rated,2h 41m,"['Coming-of-Age', 'Martial Arts', 'Action', 'Biography', 'Drama', 'Sport']",['4318159'],['Nitesh Tiwari'],"['6328029', '6328031', '6328030']","['Piyush Gupta', 'Shreyas Jain', 'Nikhil Mehrotra']","['0451148', '2799219', '0760778']","['Aamir Khan', 'Sakshi Tanwar', 'Fatima Sana Shaikh']","$12,391,761"
0993846,The Wolf of Wall Street,2013,R,3h,"['Dark Comedy', 'Docudrama', 'Epic', 'Raunchy Comedy', 'Satire', 'True Crime', 'Biography', 'Comedy', 'Crime', 'Drama']",['0000217'],['Martin Scorsese'],"['1010540', '0067789']","['Terence Winter', 'Jordan Belfort']","['0000138', '1706767', '3053338']","['Leonardo DiCaprio', 'Jonah Hill', 'Margot Robbie']","$116,900,694"
6966692,Green Book,2018,PG-13,2h 10m,"['Docudrama', 'Period Drama', 'Road Trip', 'Biography', 'Comedy', 'Drama', 'Holiday', 'Music']",['0268380'],['Peter Farrelly'],"['0885014', '0192942', '0268380']","['Nick Vallelonga', 'Brian Hayes Currie', 'Peter Farrelly']","['0001557', '0991810', '0004802']","['Viggo Mortensen', 'Mahershala Ali', 'Linda Cardellini']","$85,080,171"
0120382,The Truman Show,1998,PG,1h 43m,"['Dark Comedy', 'High-Concept Comedy', 'Psychological Drama', 'Satire', 'Showbiz Drama', 'Comedy', 'Drama']",['0001837'],['Peter Weir'],['0629272'],['Andrew Niccol'],"['0000120', '0000438', '0001473']","['Jim Carrey', 'Ed Harris', 'Laura Linney']","$125,618,201"
8503618,Hamilton,2020,PG-13,2h 40m,"['Epic', 'Historical Epic', 'Biography', 'Drama', 'History', 'Musical']",['2371802'],['Thomas Kail'],"['0592135', '2375857']","['Lin-Manuel Miranda', 'Ron Chernow']","['0592135', '5623883', '1502434']","['Lin-Manuel Miranda', 'Phillipa Soo', 'Leslie Odom Jr.']","$15,824,487"
0075314,Taxi Driver,1976,R,1h 54m,"['Psychological Drama', 'Crime', 'Drama']",['0000217'],['Martin Scorsese'],['0001707'],['Paul Schrader'],"['0000134', '0000149', '0001732']","['Robert De Niro', 'Jodie Foster', 'Cybill Shepherd']","$28,262,574"
0372784,Batman Begins,2005,PG-13,2h 20m,"['Action Epic', 'Epic', 'Superhero', 'Tragedy', 'Action', 'Crime', 'Drama', 'Thriller']",['0634240'],['Christopher Nolan'],"['0004170', '0275286', '0634240']","['Bob Kane', 'David S. Goyer', 'Christopher Nolan']","['0000288', '0000323', '0913822']","['Christian Bale', 'Michael Caine', 'Ken Watanabe']","$206,863,479"
0252488,The Chaos Class Failed the Class,1975,,1h 35m,"['Satire', 'Comedy']",['0251027'],['Ertem Egilmez'],"['0784149', '0407642']","['Sadik Sendil', 'Rifat Ilgaz']","['0654805', '0015081', '0839017']","['Münir Özkul', 'Tarik Akan', 'Kemal Sunal']",
0059578,For a Few Dollars More,1965,R,2h 12m,"['One-Person Army Action', 'Period Drama', 'Quest', 'Spaghetti Western', 'Drama', 'Western']",['0001466'],['Sergio Leone'],"['0001466', '0607694', '0898812']","['Sergio Leone', 'Fulvio Morsella', 'Luciano Vincenzoni']","['0000142', '0001812', '0002231']","['Clint Eastwood', 'Lee Van Cleef', 'Gian Maria Volontè']","$15,000,000"
0055031,Judgment at Nuremberg,1961,Approved,2h 59m,"['Legal Drama', 'Drama', 'History', 'War']",['0006452'],['Stanley Kramer'],"['0542631', '0001050']","['Abby Mann', 'Montgomery Clift']","['0000075', '0000044', '0001847']","['Spencer Tracy', 'Burt Lancaster', 'Richard Widmark']",
1130884,Shutter Island,2010,R,2h 18m,"['Psychological Thriller', 'Suspense Mystery', 'Drama', 'Mystery', 'Thriller']",['0000217'],['Martin Scorsese'],"['0436164', '1212331']","['Laeta Kalogridis', 'Dennis Lehane']","['0000138', '0607865', '0749263']","['Leonardo DiCaprio', 'Emily Mortimer', 'Mark Ruffalo']","$128,012,934"
0053291,Some Like It Hot,1959,Approved,2h 1m,"['Buddy Comedy', 'Farce', 'Romantic Comedy', 'Satire', 'Screwball Comedy', 'Comedy', 'Music', 'Romance']",['0000697'],['Billy Wilder'],"['0000697', '0224634', '0858329']","['Billy Wilder', 'I.A.L. Diamond', 'Robert Thoeren']","['0000054', '0000348', '0000493']","['Marilyn Monroe', 'Tony Curtis', 'Jack Lemmon']",
0107290,Jurassic Park,1993,PG-13,2h 7m,"['Dinosaur Adventure', 'Jungle Adventure', 'Action', 'Adventure', 'Sci-Fi', 'Thriller']",['0000229'],['Steven Spielberg'],"['0000341', '0462895']","['Michael Crichton', 'David Koepp']","['0000554', '0000368', '0000156']","['Sam Neill', 'Laura Dern', 'Jeff Goldblum']","$407,185,075"
0012349,The Kid,1921,Passed,1h 8m,"['Buddy Comedy', 'Farce', 'Slapstick', 'Comedy', 'Drama', 'Family']",['0000122'],['Charles Chaplin'],['0000122'],['Charles Chaplin'],"['0000122', '0701012', '0001067']","['Charles Chaplin', 'Edna Purviance', 'Jackie Coogan']",
10272386,The Father,2020,PG-13,1h 37m,"['Psychological Drama', 'Drama', 'Mystery']",['1725469'],['Florian Zeller'],"['0358960', '1725469']","['Christopher Hampton', 'Florian Zeller']","['0000164', '1469236', '0309693']","['Anthony Hopkins', 'Olivia Colman', 'Mark Gatiss']","$2,122,771"
0469494,There Will Be Blood,2007,R,2h 38m,"['Epic', 'Period Drama', 'Psychological Drama', 'Tragedy', 'Drama']",['0000759'],['Paul Thomas Anderson'],"['0000759', '0801737']","['Paul Thomas Anderson', 'Upton Sinclair']","['0000358', '0200452', '0001354']","['Daniel Day-Lewis', 'Paul Dano', 'Ciarán Hinds']","$40,222,514"
0042192,All About Eve,1950,Approved,2h 18m,"['Showbiz Drama', 'Drama']",['0000581'],['Joseph L. Mankiewicz'],"['0000581', '0650581']","['Joseph L. Mankiewicz', 'Mary Orr']","['0000012', '0000879', '0001695']","['Bette Davis', 'Anne Baxter', 'George Sanders']","$63,463"
0167404,The Sixth Sense,1999,PG-13,1h 47m,"['Psychological Drama', 'Psychological Thriller', 'Suspense Mystery', 'Drama', 'Mystery', 'Thriller']",['0796117'],['M. Night Shyamalan'],['0796117'],['M. Night Shyamalan'],"['0000246', '0005286', '0001057']","['Bruce Willis', 'Haley Joel Osment', 'Toni Collette']","$293,506,292"
0089881,Ran,1985,R,2h 40m,"['Epic', 'Period Drama', 'Samurai', 'Tragedy', 'War Epic', 'Action', 'Drama', 'War']",['0000041'],['Akira Kurosawa'],"['0000041', '0644823', '0406836']","['Akira Kurosawa', 'Hideo Oguni', 'Masato Ide']","['0619938', '0855417', '0628704']","['Tatsuya Nakadai', 'Akira Terao', 'Jinpachi Nezu']","$4,314,927"
0112641,Casino,1995,R,2h 58m,"['Docudrama', 'Epic', 'Gangster', 'True Crime', 'Crime', 'Drama']",['0000217'],['Martin Scorsese'],"['0683380', '0000217']","['Nicholas Pileggi', 'Martin Scorsese']","['0000134', '0000232', '0000582']","['Robert De Niro', 'Sharon Stone', 'Joe Pesci']","$42,512,375"
1745960,Top Gun: Maverick,2022,PG-13,2h 10m,"['Action Epic', 'Epic', 'Action', 'Drama']",['2676052'],['Joseph Kosinski'],"['0143596', '0258390', '0185976']","['Jim Cash', 'Jack Epps Jr.', 'Peter Craig']","['0000129', '0000124', '1886602']","['Tom Cruise', 'Jennifer Connelly', 'Miles Teller']","$718,732,821"
0477348,No Country for Old Men,2007,R,2h 2m,"['Contemporary Western', 'Psychological Thriller', 'Serial Killer', 'Crime', 'Drama', 'Thriller']","['0001053', '0001054']","['Ethan Coen', 'Joel Coen']","['0001054', '0001053', '0565092']","['Joel Coen', 'Ethan Coen', 'Cormac McCarthy']","['0000169', '0000849', '0000982']","['Tommy Lee Jones', 'Javier Bardem', 'Josh Brolin']","$74,283,625"
0084787,The Thing,1982,R,1h 49m,"['Alien Invasion', 'Body Horror', 'Monster Horror', 'Psychological Horror', 'Supernatural Horror', 'Suspense Mystery', 'Tragedy', 'Horror', 'Mystery', 'Sci-Fi']",['0000118'],['John Carpenter'],"['0484111', '0132168']","['Bill Lancaster', 'John W. Campbell Jr.']","['0000621', '0000979', '0202966']","['Kurt Russell', 'Wilford Brimley', 'Keith David']","$20,063,820"
0105695,Unforgiven,1992,R,2h 10m,"['Period Drama', 'Tragedy', 'Drama', 'Western']",['0000142'],['Clint Eastwood'],['0672459'],['David Webb Peoples'],"['0000142', '0000432', '0000151']","['Clint Eastwood', 'Gene Hackman', 'Morgan Freeman']","$101,167,799"
0457430,Pan's Labyrinth,2006,R,1h 58m,"['Coming-of-Age', 'Dark Fantasy', 'Fairy Tale', 'Period Drama', 'Supernatural Fantasy', 'Teen Fantasy', 'Tragedy', 'Drama', 'Fantasy', 'War']",['0868219'],['Guillermo del Toro'],['0868219'],['Guillermo del Toro'],"['1419440', '0317725', '0530365']","['Ivana Baquero', 'Ariadna Gil', 'Sergi López']","$37,646,380"
0266697,Kill Bill: Vol. 1,2003,R,1h 51m,"['Kung Fu', 'Martial Arts', 'One-Person Army Action', 'Action', 'Crime', 'Thriller']",['0000233'],['Quentin Tarantino'],"['0000233', '0000235']","['Quentin Tarantino', 'Uma Thurman']","['0000235', '0001016', '0000435']","['Uma Thurman', 'David Carradine', 'Daryl Hannah']","$70,099,045"
0268978,A Beautiful Mind,2001,PG-13,2h 15m,"['Docudrama', 'Period Drama', 'Psychological Drama', 'Biography', 'Drama', 'Mystery']",['0000165'],['Ron Howard'],"['0326040', '0621586']","['Akiva Goldsman', 'Sylvia Nasar']","['0000128', '0000438', '0000124']","['Russell Crowe', 'Ed Harris', 'Jennifer Connelly']","$170,742,341"
1392214,Prisoners,2013,R,2h 33m,"['Psychological Thriller', 'Suspense Mystery', 'Crime', 'Drama', 'Mystery', 'Thriller']",['0898288'],['Denis Villeneuve'],['3360706'],['Aaron Guzikowski'],"['0413168', '0350453', '0205626']","['Hugh Jackman', 'Jake Gyllenhaal', 'Viola Davis']","$61,002,302"
0040897,The Treasure of the Sierra Madre,1948,Approved,2h 6m,"['Tragedy', 'Adventure', 'Drama', 'Western']",['0001379'],['John Huston'],"['0001379', '0871252']","['John Huston', 'B. Traven']","['0000007', '0404158', '0392529']","['Humphrey Bogart', 'Walter Huston', 'Tim Holt']","$5,014,000"
0266543,Finding Nemo,2003,G,1h 40m,"['Animal Adventure', 'Buddy Comedy', 'Computer Animation', 'Quest', 'Sea Adventure', 'Adventure', 'Animation', 'Comedy', 'Family']","['0004056', '0881279']","['Andrew Stanton', 'Lee Unkrich']","['0004056', '0677037', '0721675']","['Andrew Stanton', 'Bob Peterson', 'David Reynolds']","['0000983', '0001122', '1071252']","['Albert Brooks', 'Ellen DeGeneres', 'Alexander Gould']","$380,843,261"
0347149,Howl's Moving Castle,2004,PG,1h 59m,"['Adventure Epic', 'Anime', 'Hand-Drawn Animation', 'Supernatural Fantasy', 'Adventure', 'Animation', 'Family', 'Fantasy']",['0594503'],['Hayao Miyazaki'],"['0594503', '1168510']","['Hayao Miyazaki', 'Diana Wynne Jones']","['0047962', '0454120', '0309107']","['Chieko Baishô', 'Takuya Kimura', 'Tatsuya Gashûin']","$9,173,958"
0055630,Yojimbo,1961,Not Rated,1h 50m,"['One-Person Army Action', 'Period Drama', 'Samurai', 'Action', 'Drama', 'Thriller']",['0000041'],['Akira Kurosawa'],"['0000041', '0452878']","['Akira Kurosawa', 'Ryûzô Kikushima']","['0001536', '0867391', '0619938']","['Toshirô Mifune', 'Eijirô Tôno', 'Tatsuya Nakadai']","$46,808"
0346336,The Best of Youth,2003,R,6h 14m,"['Epic', 'Drama', 'Romance']",['0320285'],['Marco Tullio Giordana'],"['0677758', '0750048']","['Sandro Petraglia', 'Stefano Rulli']","['0516222', '0094526', '0872910']","['Luigi Lo Cascio', 'Alessio Boni', 'Jasmine Trinca']","$274,024"
0057115,The Great Escape,1963,Approved,2h 52m,"['Epic', 'Period Drama', 'Prison Drama', 'War Epic', 'Adventure', 'Drama', 'Thriller', 'War']",['0836328'],['John Sturges'],"['0108595', '0165412', '0122446']","['Paul Brickhill', 'James Clavell', 'W.R. Burnett']","['0000537', '0001258', '0000277']","['Steve McQueen', 'James Garner', 'Richard Attenborough']",
0071853,Monty Python and the Holy Grail,1975,PG,1h 31m,"['Farce', 'Parody', 'Quest', 'Satire', 'Sketch Comedy', 'Slapstick', 'Sword & Sorcery', 'Adventure', 'Comedy', 'Fantasy']","['0000416', '0001402']","['Terry Gilliam', 'Terry Jones']","['0001037', '0000092', '0001385']","['Graham Chapman', 'John Cleese', 'Eric Idle']","['0001037', '0000092', '0001385']","['Graham Chapman', 'John Cleese', 'Eric Idle']","$2,562,392"
0080678,The Elephant Man,1980,PG,2h 4m,"['Docudrama', 'Period Drama', 'Tragedy', 'Biography', 'Drama']",['0000186'],['David Lynch'],"['0212246', '0075015', '0000186']","['Christopher De Vore', 'Eric Bergren', 'David Lynch']","['0000164', '0000457', '0000843']","['Anthony Hopkins', 'John Hurt', 'Anne Bancroft']","$26,010,864"
4729430,Klaus,2019,PG,1h 36m,"['Hand-Drawn Animation', 'Holiday Animation', 'Holiday Comedy', 'Holiday Family', 'Adventure', 'Animation', 'Comedy', 'Family', 'Fantasy', 'Holiday']","['0655053', '3582089']","['Sergio Pablos', 'Carlos Martínez López']","['0655053', '2700235', '2082813']","['Sergio Pablos', 'Jim Mahoney', 'Zach Lewis']","['0005403', '0799777', '0429069']","['Jason Schwartzman', 'J.K. Simmons', 'Rashida Jones']",
0046912,Dial M for Murder,1954,PG,1h 45m,"['Crime', 'Drama', 'Mystery', 'Thriller']",['0000033'],['Alfred Hitchcock'],['0461425'],['Frederick Knott'],"['0001537', '0000038', '0191950']","['Ray Milland', 'Grace Kelly', 'Robert Cummings']","$24,845"
0031381,Gone with the Wind,1939,G,3h 58m,"['Costume Drama', 'Epic', 'Period Drama', 'Romantic Epic', 'Tragic Romance', 'War Epic', 'Drama', 'Romance', 'War']",['0281808'],['Victor Fleming'],"['0593565', '0397608', '0308177']","['Margaret Mitchell', 'Sidney Howard', 'Oliver H.P. Garrett']","['0000022', '0000046', '0593775']","['Clark Gable', 'Vivien Leigh', 'Thomas Mitchell']","$200,882,193"
1305806,The Secret in Their Eyes,2009,R,2h 9m,"['Dark Romance', 'Erotic Thriller', 'Legal Thriller', 'Period Drama', 'Psychological Drama', 'Psychological Thriller', 'Suspense Mystery', 'Tragedy', 'Whodunnit', 'Drama']",['0002728'],['Juan José Campanella'],"['3160078', '0002728']","['Eduardo Sacheri', 'Juan José Campanella']","['0201857', '0897845', '0706567']","['Ricardo Darín', 'Soledad Villamil', 'Pablo Rago']","$6,391,436"
0071315,Chinatown,1974,R,2h 10m,"['Conspiracy Thriller', 'Hard-boiled Detective', 'Period Drama', 'Psychological Drama', 'Psychological Thriller', 'Tragedy', 'Drama', 'Mystery', 'Thriller']",['0000591'],['Roman Polanski'],"['0001801', '0000591']","['Robert Towne', 'Roman Polanski']","['0000197', '0001159', '0001379']","['Jack Nicholson', 'Faye Dunaway', 'John Huston']","$29,200,000"
0120735,"Lock, Stock and Two Smoking Barrels",1998,R,1h 47m,"['Dark Comedy', 'Farce', 'Gangster', 'Heist', 'Comedy', 'Crime']",['0005363'],['Guy Ritchie'],['0005363'],['Guy Ritchie'],"['0002076', '0002077', '0602941']","['Jason Flemyng', 'Dexter Fletcher', 'Nick Moran']","$3,753,929"
0434409,V for Vendetta,2005,R,2h 12m,"['Action Epic', 'Dystopian Sci-Fi', 'Epic', 'Political Drama', 'Political Thriller', 'Superhero', 'Action', 'Drama', 'Sci-Fi', 'Thriller']",['0574625'],['James McTeigue'],"['0905152', '0905154', '2331222']","['Lilly Wachowski', 'Lana Wachowski', 'David Lloyd']","['0915989', '0000204', '0001291']","['Hugo Weaving', 'Natalie Portman', 'Rupert Graves']","$70,511,035"
0042876,Rashomon,1950,Not Rated,1h 28m,"['Period Drama', 'Crime', 'Drama', 'Mystery']",['0000041'],['Akira Kurosawa'],"['0015611', '0000041', '0368074']","['Ryûnosuke Akutagawa', 'Akira Kurosawa', 'Shinobu Hashimoto']","['0001536', '0477553', '0605270']","['Toshirô Mifune', 'Machiko Kyô', 'Masayuki Mori']","$46,808"
2096673,Inside Out,2015,PG,1h 35m,"['Coming-of-Age', 'Computer Animation', 'Farce', 'High-Concept Comedy', 'Psychological Drama', 'Adventure', 'Animation', 'Comedy', 'Drama', 'Family']","['0230032', '0215455']","['Pete Docter', 'Ronnie Del Carmen']","['0230032', '0215455', '0498834']","['Pete Docter', 'Ronnie Del Carmen', 'Meg LeFauve']","['0688132', '0352778', '0085400']","['Amy Poehler', 'Bill Hader', 'Lewis Black']","$356,461,711"
5027774,"Three Billboards Outside Ebbing, Missouri",2017,R,1h 55m,"['Dark Comedy', 'Satire', 'Comedy', 'Crime', 'Drama']",['1732981'],['Martin McDonagh'],['1732981'],['Martin McDonagh'],"['0000531', '0000437', '0005377']","['Frances McDormand', 'Woody Harrelson', 'Sam Rockwell']","$54,513,740"
0264464,Catch Me If You Can,2002,PG-13,2h 21m,"['Caper', 'Coming-of-Age', 'Docudrama', 'Globetrotting Adventure', 'Period Drama', 'True Crime', 'Biography', 'Crime', 'Drama']",['0000229'],['Steven Spielberg'],"['0007646', '1127221', '0622288']","['Frank Abagnale Jr.', 'Stan Redding', 'Jeff Nathanson']","['0000138', '0000158', '0000686']","['Leonardo DiCaprio', 'Tom Hanks', 'Christopher Walken']","$164,615,351"
0117951,Trainspotting,1996,R,1h 33m,"['Dark Comedy', 'Drug Crime', 'Psychological Drama', 'Crime', 'Drama']",['0000965'],['Danny Boyle'],"['0920543', '0388076']","['Irvine Welsh', 'John Hodge']","['0000191', '0001971', '0001538']","['Ewan McGregor', 'Ewen Bremner', 'Jonny Lee Miller']","$16,491,080"
0050212,The Bridge on the River Kwai,1957,PG,2h 41m,"['Jungle Adventure', 'War Epic', 'Adventure', 'Drama', 'War']",['0000180'],['David Lean'],"['0099541', '0286025', '0933858']","['Pierre Boulle', 'Carl Foreman', 'Michael Wilson']","['0000034', '0000027', '0370144']","['William Holden', 'Alec Guinness', 'Jack Hawkins']","$27,200,000"
0081398,Raging Bull,1980,R,2h 9m,"['Boxing', 'Docudrama', 'Period Drama', 'Biography', 'Drama', 'Sport']",['0000217'],['Martin Scorsese'],"['0483766', '0141734', '0678014']","['Jake LaMotta', 'Joseph Carter', 'Peter Savage']","['0000134', '0001550', '0000582']","['Robert De Niro', 'Cathy Moriarty', 'Joe Pesci']","$23,383,987"
1201607,Harry Potter and the Deathly Hallows: Part 2,2011,PG-13,2h 10m,"['Action Epic', 'Dark Fantasy', 'Fantasy Epic', 'Teen Adventure', 'Teen Fantasy', 'Tragedy', 'Adventure', 'Family', 'Fantasy', 'Mystery']",['0946734'],['David Yates'],"['0460141', '0746830']","['Steve Kloves', 'J.K. Rowling']","['0705356', '0914612', '0342488']","['Daniel Radcliffe', 'Emma Watson', 'Rupert Grint']","$381,447,587"
0116282,Fargo,1996,R,1h 38m,"['Cop Drama', 'Dark Comedy', 'Police Procedural', 'Tragedy', 'Crime', 'Drama', 'Thriller']","['0001054', '0001053']","['Joel Coen', 'Ethan Coen']","['0001053', '0001054']","['Ethan Coen', 'Joel Coen']","['0000513', '0000531', '0000114']","['William H. Macy', 'Frances McDormand', 'Steve Buscemi']","$24,611,975"
29623480,The Wild Robot,2024,PG,1h 42m,"['Animal Adventure', 'Artificial Intelligence', 'Computer Animation', 'Survival', 'Adventure', 'Animation', 'Family', 'Sci-Fi']",['0761498'],['Chris Sanders'],"['0761498', '2464094']","['Chris Sanders', 'Peter Brown']","['2143282', '0050959', '5598573']","[""Lupita Nyong'o"", 'Pedro Pascal', 'Kit Connor']","$143,901,945"
1291584,Warrior,2011,PG-13,2h 20m,"['Boxing', 'Action', 'Drama', 'Sport']",['0640334'],"[""Gavin O'Connor""]","['0640334', '3294574', '0233561']","[""Gavin O'Connor"", 'Anthony Tambakis', 'Cliff Dorfman']","['0362766', '0000560', '0249291']","['Tom Hardy', 'Nick Nolte', 'Joel Edgerton']","$13,657,115"
0097165,Dead Poets Society,1989,PG,2h 8m,"['Coming-of-Age', 'Teen Drama', 'Comedy', 'Drama']",['0001837'],['Peter Weir'],['0776114'],['Tom Schulman'],"['0000245', '0000494', '0000160']","['Robin Williams', 'Robert Sean Leonard', 'Ethan Hawke']","$95,860,116"
0405159,Million Dollar Baby,2004,PG-13,2h 12m,"['Boxing', 'Psychological Drama', 'Tragedy', 'Drama', 'Sport']",['0000142'],['Clint Eastwood'],"['0353673', '0101801']","['Paul Haggis', 'F.X. Toole']","['0005476', '0000142', '0000151']","['Hilary Swank', 'Clint Eastwood', 'Morgan Freeman']","$100,492,203"
0052618,Ben-Hur,1959,G,3h 32m,"['Adventure Epic', 'Epic', 'Period Drama', 'Sword & Sandal', 'Adventure', 'Drama']",['0943758'],['William Wyler'],"['0908753', '0876562', '0000683']","['Lew Wallace', 'Karl Tunberg', 'Gore Vidal']","['0000032', '0370144', '0000963']","['Charlton Heston', 'Jack Hawkins', 'Stephen Boyd']","$74,432,704"
1205489,Gran Torino,2008,R,1h 56m,"['Dark Comedy', 'Psychological Drama', 'Drama']",['0000142'],['Clint Eastwood'],"['1010405', '3164738']","['Nick Schenk', 'Dave Johannson']","['0000142', '3057402', '1542291']","['Clint Eastwood', 'Bee Vang', 'Christopher Carley']","$148,095,302"
1392190,Mad Max: Fury Road,2015,R,2h,"['Action Epic', 'Adventure Epic', 'Car Action', 'Desert Adventure', 'Dystopian Sci-Fi', 'Epic', 'Quest', 'Road Trip', 'Action', 'Adventure']",['0004306'],['George Miller'],"['0004306', '0565068', '0490147']","['George Miller', 'Brendan McCarthy', 'Nick Lathouris']","['0362766', '0000234', '0396558']","['Tom Hardy', 'Charlize Theron', 'Nicholas Hoult']","$154,280,290"
0072684,Barry Lyndon,1975,PG,3h 5m,"['Adventure Epic', 'Costume Drama', 'Dark Comedy', 'Epic', 'Globetrotting Adventure', 'Period Drama', 'Political Drama', 'Psychological Drama', 'Tragedy', 'Adventure']",['0000040'],['Stanley Kubrick'],"['0000040', '0856842']","['Stanley Kubrick', 'William Makepeace Thackeray']","['0641939', '0001943', '0535861']","[""Ryan O'Neal"", 'Marisa Berenson', 'Patrick Magee']",
0096283,My Neighbor Totoro,1988,G,1h 26m,"['Anime', 'Fairy Tale', 'Hand-Drawn Animation', 'Iyashikei', 'Adventure', 'Animation', 'Comedy', 'Family', 'Fantasy']",['0594503'],['Hayao Miyazaki'],['0594503'],['Hayao Miyazaki'],"['0847054', '0383022', '0757076']","['Hitoshi Takagi', 'Noriko Hidaka', 'Chika Sakamoto']","$2,250,213"
0118849,Children of Heaven,1997,PG,1h 29m,"['Drama', 'Family', 'Sport']",['0006498'],['Majid Majidi'],['0006498'],['Majid Majidi'],"['0619870', '0268488', '0781245']","['Reza Naji', 'Amir Farrokh Hashemian', 'Bahare Seddiqi']","$933,933"
2119532,Hacksaw Ridge,2016,R,2h 19m,"['Docudrama', 'Epic', 'Period Drama', 'War Epic', 'Biography', 'Drama', 'History', 'War']",['0000154'],['Mel Gibson'],"['0770938', '0460795']","['Robert Schenkkan', 'Andrew Knight']","['1940449', '0941777', '3478396']","['Andrew Garfield', 'Sam Worthington', 'Luke Bracey']","$67,209,615"
2278388,The Grand Budapest Hotel,2014,R,1h 39m,"['Quirky Comedy', 'Comedy', 'Drama']",['0027572'],['Wes Anderson'],"['0959003', '0027572', '2450453']","['Stefan Zweig', 'Wes Anderson', 'Hugo Guinness']","['0000146', '0000719', '0023832']","['Ralph Fiennes', 'F. Murray Abraham', 'Mathieu Amalric']","$59,301,324"
2024544,12 Years a Slave,2013,R,2h 14m,"['Costume Drama', 'Docudrama', 'Epic', 'Period Drama', 'Psychological Drama', 'Tragedy', 'Biography', 'Drama', 'History']",['2588606'],['Steve McQueen'],"['0725983', '1185849']","['John Ridley', 'Solomon Northup']","['0252230', '0931324', '1055413']","['Chiwetel Ejiofor', 'Michael Kenneth Williams', 'Michael Fassbender']","$56,671,993"
0112471,Before Sunrise,1995,R,1h 41m,"['Comedy', 'Drama', 'Romance']",['0000500'],['Richard Linklater'],"['0000500', '0471811']","['Richard Linklater', 'Kim Krizan']","['0000160', '0000365', '0248600']","['Ethan Hawke', 'Julie Delpy', 'Andrea Eckert']","$5,535,405"
0083658,Blade Runner,1982,R,1h 57m,"['Artificial Intelligence', 'Cyber Thriller', 'Cyberpunk', 'Dystopian Sci-Fi', 'Action', 'Drama', 'Sci-Fi', 'Thriller']",['0000631'],['Ridley Scott'],"['0266684', '0672459', '0001140']","['Hampton Fancher', 'David Webb Peoples', 'Philip K. Dick']","['0000148', '0000442', '0000707']","['Harrison Ford', 'Rutger Hauer', 'Sean Young']","$32,914,489"
10872600,Spider-Man: No Way Home,2021,PG-13,2h 28m,"['Superhero', 'Supernatural Fantasy', 'Urban Adventure', 'Action', 'Adventure', 'Fantasy', 'Sci-Fi']",['1218281'],['Jon Watts'],"['0571344', '1273099', '0498278']","['Chris McKenna', 'Erik Sommers', 'Stan Lee']","['4043618', '3918035', '1212722']","['Tom Holland', 'Zendaya', 'Benedict Cumberbatch']","$814,866,759"
0353969,Memories of Murder,2003,Not Rated,2h 12m,"['Dark Comedy', 'Police Procedural', 'Serial Killer', 'True Crime', 'Crime', 'Drama', 'Mystery', 'Thriller']",['0094435'],['Bong Joon Ho'],"['0094435', '1323286', '1646563']","['Bong Joon Ho', 'Kwang-rim Kim', 'Sung-bo Shim']","['0814280', '1235292', '1323287']","['Song Kang-ho', 'Kim Sang-kyung', 'Kim Roe-ha']","$15,357"
0382932,Ratatouille,2007,G,1h 51m,"['Animal Adventure', 'Buddy Comedy', 'Computer Animation', 'Satire', 'Adventure', 'Animation', 'Comedy', 'Family', 'Fantasy']","['0083348', '0684342']","['Brad Bird', 'Jan Pinkava']","['0083348', '0684342', '0135296']","['Brad Bird', 'Jan Pinkava', 'Jim Capobianco']","['0004951', '0738918', '0652663']","['Brad Garrett', 'Lou Romano', 'Patton Oswalt']","$206,445,654"
2267998,Gone Girl,2014,R,2h 29m,"['Erotic Thriller', 'Psychological Drama', 'Psychological Thriller', 'Suspense Mystery', 'Tragedy', 'Whodunnit', 'Drama', 'Mystery', 'Thriller']",['0000399'],['David Fincher'],['5058839'],['Gillian Flynn'],"['0000255', '0683253', '0000439']","['Ben Affleck', 'Rosamund Pike', 'Neil Patrick Harris']","$167,767,189"
0892769,How to Train Your Dragon,2010,PG,1h 38m,"['Action Epic', 'Computer Animation', 'Sword & Sorcery', 'Teen Adventure', 'Teen Fantasy', 'Action', 'Adventure', 'Animation', 'Family', 'Fantasy']","['0213450', '0761498']","['Dean DeBlois', 'Chris Sanders']","['0204030', '0213450', '0761498']","['William Davies', 'Dean DeBlois', 'Chris Sanders']","['0059431', '0124930', '2395586']","['Jay Baruchel', 'Gerard Butler', 'Christopher Mintz-Plasse']","$217,581,231"
0198781,"Monsters, Inc.",2001,G,1h 32m,"['Buddy Comedy', 'Computer Animation', 'Farce', 'Satire', 'Supernatural Fantasy', 'Urban Adventure', 'Adventure', 'Animation', 'Comedy', 'Family']","['0230032', '0798899', '0881279']","['Pete Docter', 'David Silverman', 'Lee Unkrich']","['0230032', '0191717', '0682066']","['Pete Docter', 'Jill Culton', 'Jeff Pidgeon']","['0000345', '0000422', '0316701']","['Billy Crystal', 'John Goodman', 'Mary Gibbs']","$290,642,256"
0073195,Jaws,1975,PG,2h 4m,"['Monster Horror', 'Sea Adventure', 'Survival', 'Adventure', 'Holiday', 'Horror', 'Thriller']",['0000229'],['Steven Spielberg'],"['0001940', '0331956']","['Peter Benchley', 'Carl Gottlieb']","['0001702', '0001727', '0000377']","['Roy Scheider', 'Robert Shaw', 'Richard Dreyfuss']","$280,083,300"
0107207,In the Name of the Father,1993,R,2h 13m,"['Docudrama', 'Legal Drama', 'Period Drama', 'Prison Drama', 'Tragedy', 'True Crime', 'Biography', 'Crime', 'Drama']",['0006487'],['Jim Sheridan'],"['0174840', '0313623', '0006487']","['Gerry Conlon', 'Terry George', 'Jim Sheridan']","['0000358', '0000592', '0188949']","['Daniel Day-Lewis', 'Pete Postlethwaite', 'Alison Crosbie']","$25,096,862"
3011894,Wild Tales,2014,R,2h 2m,"['Dark Comedy', 'Comedy', 'Drama', 'Thriller']",['1167933'],['Damián Szifron'],"['2265326', '1167933', '1238855']","['Julian Loyola', 'Damián Szifron', 'Germán Servidio']","['0334882', '0555404', '0897640']","['Darío Grandinetti', 'María Marull', 'Mónica Villa']","$3,106,530"
0015864,The Gold Rush,1925,Approved,1h 35m,"['Farce', 'Feel-Good Romance', 'Romantic Comedy', 'Satire', 'Slapstick', 'Adventure', 'Comedy', 'Drama', 'Romance', 'Western']",['0000122'],['Charles Chaplin'],['0000122'],['Charles Chaplin'],"['0000122', '0841501', '0615306']","['Charles Chaplin', 'Mack Swain', 'Tom Murray']",
1950186,Ford v Ferrari,2019,PG-13,2h 32m,"['Car Action', 'Docudrama', 'Motorsport', 'Period Drama', 'Action', 'Biography', 'Drama', 'Sport']",['0003506'],['James Mangold'],"['0125336', '3890871', '0445669']","['Jez Butterworth', 'John-Henry Butterworth', 'Jason Keller']","['0000354', '0000288', '1256532']","['Matt Damon', 'Christian Bale', 'Jon Bernthal']","$117,624,357"
0015324,Sherlock Jr.,1924,Passed,,"['Bumbling Detective', 'Farce', 'Feel-Good Romance', 'Romantic Comedy', 'Slapstick', 'Action', 'Comedy', 'Romance']",['0000036'],['Buster Keaton'],"['0369841', '0593477', '0115669']","['Jean C. Havez', 'Joseph A. Mitchell', 'Clyde Bruckman']","['0000036', '0570230', '0444172']","['Buster Keaton', 'Kathryn McGuire', 'Joe Keaton']",
0978762,Mary and Max,2009,Not Rated,1h 32m,"['Adult Animation', 'Coming-of-Age', 'Dark Comedy', 'Psychological Drama', 'Stop Motion Animation', 'Animation', 'Comedy', 'Drama']",['0254178'],['Adam Elliot'],['0254178'],['Adam Elliot'],"['0001057', '0000450', '0051509']","['Toni Collette', 'Philip Seymour Hoffman', 'Eric Bana']",
0077416,The Deer Hunter,1978,R,3h 3m,"['Epic', 'War Epic', 'Drama', 'War']",['0001047'],['Michael Cimino'],"['0001047', '0913346', '0307311']","['Michael Cimino', 'Deric Washburn', 'Louis Garfinkle']","['0000134', '0000686', '0001030']","['Robert De Niro', 'Christopher Walken', 'John Cazale']","$48,979,328"
0017925,The General,1926,Passed,1h 18m,"['Farce', 'Slapstick', 'Action', 'Adventure', 'Comedy', 'Drama', 'War']","['0115669', '0000036']","['Clyde Bruckman', 'Buster Keaton']","['0000036', '0115669', '0090213']","['Buster Keaton', 'Clyde Bruckman', 'Al Boasberg']","['0000036', '0533045', '0147070']","['Buster Keaton', 'Marion Mack', 'Glen Cavender']",
0046268,The Wages of Fear,1953,Not Rated,2h 36m,"['Psychological Drama', 'Survival', 'Adventure', 'Drama', 'Thriller']",['0167241'],['Henri-Georges Clouzot'],"['0036062', '0167241', '0167242']","['Georges Arnaud', 'Henri-Georges Clouzot', 'Jérôme Géronimi']","['0598971', '0889024', '0886870']","['Yves Montand', 'Charles Vanel', 'Peter van Eyck']","$21,228"
0031679,Mr. Smith Goes to Washington,1939,Approved,2h 9m,"['Political Drama', 'Comedy', 'Drama']",['0001008'],['Frank Capra'],"['0118227', '0287931', '0175333']","['Sidney Buchman', 'Lewis R. Foster', 'Myles Connolly']","['0000071', '0000795', '0001647']","['James Stewart', 'Jean Arthur', 'Claude Rains']","$144,738"
3315342,Logan,2017,R,2h 17m,"['Dystopian Sci-Fi', 'Road Trip', 'Superhero', 'Action', 'Drama', 'Sci-Fi', 'Thriller']",['0003506'],['James Mangold'],"['0003506', '0291082', '0338169']","['James Mangold', 'Scott Frank', 'Michael Green']","['0413168', '0001772', '6748436']","['Hugh Jackman', 'Patrick Stewart', 'Dafne Keen']","$226,277,068"
0047296,On the Waterfront,1954,Approved,1h 48m,"['Legal Drama', 'Legal Thriller', 'Tragedy', 'Crime', 'Drama', 'Thriller']",['0001415'],['Elia Kazan'],"['0775977', '0425711', '0802563']","['Budd Schulberg', 'Malcolm Johnson', 'Robert Siodmak']","['0000008', '0001500', '0002011']","['Marlon Brando', 'Karl Malden', 'Lee J. Cobb']",
0075148,Rocky,1976,PG,2h,"['Boxing', 'Drama', 'Sport']",['0000814'],['John G. Avildsen'],['0000230'],['Sylvester Stallone'],"['0000230', '0001735', '0949350']","['Sylvester Stallone', 'Talia Shire', 'Burt Young']","$117,235,147"
32820897,Demon Slayer: Kimetsu no Yaiba - Infinity Castle,2025,R,2h 35m,"['Adult Animation', 'Anime', 'Dark Fantasy', 'Hand-Drawn Animation', 'Shōnen', 'Supernatural Fantasy', 'Sword & Sorcery', 'Action', 'Adventure', 'Animation']","['1417038', '2137662']","['Haruo Sotozaki', 'Hikaru Kondô']","['10281577', '2137662']","['Koyoharu Gotouge', 'Hikaru Kondô']","['6450743', '2876104', '0097765']","['Zach Aguilar', 'Ryan Bartley', 'Johnny Yong Bosch']","$87,430,034"
0050986,Wild Strawberries,1957,Not Rated,1h 32m,"['Psychological Drama', 'Drama', 'Romance']",['0000005'],['Ingmar Bergman'],['0000005'],['Ingmar Bergman'],"['0803705', '0000761', '0862026']","['Victor Sjöström', 'Bibi Andersson', 'Ingrid Thulin']",
0046438,Tokyo Story,1953,Not Rated,2h 17m,"['Psychological Drama', 'Drama']",['0654868'],['Yasujirô Ozu'],"['0633792', '0654868']","['Kôgo Noda', 'Yasujirô Ozu']","['0753479', '0383261', '0945522']","['Chishû Ryû', 'Chieko Higashiyama', 'Sô Yamamura']",
0041959,The Third Man,1949,Approved,1h 44m,"['Film Noir', 'Hard-boiled Detective', 'Spy', 'Whodunnit', 'Drama', 'Mystery', 'Thriller']",['0715346'],['Carol Reed'],"['0001294', '0000080', '0466099']","['Graham Greene', 'Orson Welles', 'Alexander Korda']","['0000080', '0001072', '0885098']","['Orson Welles', 'Joseph Cotten', 'Alida Valli']","$1,067,364"
26548265,Maharaja,2024,,2h 21m,"['One-Person Army Action', 'Action', 'Crime', 'Drama', 'Thriller']",['9204865'],['Nithilan Saminathan'],['9204865'],['Nithilan Saminathan'],"['4043111', '0440604', '1952830']","['Vijay Sethupathi', 'Anurag Kashyap', 'Mamta Mohandas']",
1895587,Spotlight,2015,R,2h 9m,"['Docudrama', 'Legal Drama', 'Period Drama', 'True Crime', 'Workplace Drama', 'Biography', 'Crime', 'Drama']",['0565336'],['Tom McCarthy'],"['1802857', '0565336']","['Josh Singer', 'Tom McCarthy']","['0749263', '0000474', '1046097']","['Mark Ruffalo', 'Michael Keaton', 'Rachel McAdams']","$45,055,776"
0325980,Pirates of the Caribbean: The Curse of the Black Pearl,2003,PG-13,2h 23m,"['Sea Adventure', 'Supernatural Fantasy', 'Swashbuckler', 'Sword & Sandal', 'Action', 'Adventure', 'Fantasy']",['0893659'],['Gore Verbinski'],"['0254645', '0744429', '0064181']","['Ted Elliott', 'Terry Rossio', 'Stuart Beattie']","['0000136', '0001691', '0089217']","['Johnny Depp', 'Geoffrey Rush', 'Orlando Bloom']","$305,413,918"
0088247,The Terminator,1984,R,1h 47m,"['Artificial Intelligence', 'Cyberpunk', 'Dystopian Sci-Fi', 'Time Travel', 'Urban Adventure', 'Action', 'Adventure', 'Sci-Fi']",['0000116'],['James Cameron'],"['0000116', '0005036', '0936537']","['James Cameron', 'Gale Anne Hurd', 'William Wisher']","['0000216', '0000157', '0000299']","['Arnold Schwarzenegger', 'Linda Hamilton', 'Michael Biehn']","$38,371,200"
0113247,La haine,1995,Not Rated,1h 38m,"['Gangster', 'Psychological Drama', 'Crime', 'Drama']",['0440913'],['Mathieu Kassovitz'],['0440913'],['Mathieu Kassovitz'],"['0001993', '0468003', '0846548']","['Vincent Cassel', 'Hubert Koundé', 'Saïd Taghmaoui']","$280,859"
0118715,The Big Lebowski,1998,R,1h 57m,"['Buddy Comedy', 'Drug Crime', 'Satire', 'Stoner Comedy', 'Comedy', 'Crime']","['0001054', '0001053']","['Joel Coen', 'Ethan Coen']","['0001053', '0001054']","['Ethan Coen', 'Joel Coen']","['0000313', '0000422', '0000194']","['Jeff Bridges', 'John Goodman', 'Julianne Moore']","$19,488,923"
15097216,Jai Bhim,2021,Approved,2h 44m,"['Legal Drama', 'Crime', 'Drama']",['4377096'],['T.J. Gnanavel'],"['4377096', '13222819']","['T.J. Gnanavel', 'Rajendra Sapre']","['1421814', '7934649', '8904193']","['Suriya', 'Lijo Mol Jose', 'Manikandan K.']",
0050976,The Seventh Seal,1957,Not Rated,1h 36m,"['Psychological Drama', 'Drama', 'Fantasy']",['0000005'],['Ingmar Bergman'],['0000005'],['Ingmar Bergman'],"['0001884', '0085038', '0252345']","['Max von Sydow', 'Gunnar Björnstrand', 'Bengt Ekerot']",
3170832,Room,2015,R,1h 58m,"['Psychological Drama', 'Drama', 'Thriller']",['1049433'],['Lenny Abrahamson'],['1480980'],['Emma Donoghue'],"['0488953', '5016878', '0108703']","['Brie Larson', 'Jacob Tremblay', 'Sean Bridgers']","$14,677,654"
0395169,Hotel Rwanda,2004,PG-13,2h 1m,"['Docudrama', 'Epic', 'Biography', 'Drama', 'History', 'War']",['0313623'],['Terry George'],"['0669311', '0313623']","['Keir Pearson', 'Terry George']","['0000332', '0645683', '0001618']","['Don Cheadle', 'Sophie Okonedo', 'Joaquin Phoenix']","$23,530,892"
0091763,Platoon,1986,R,2h,"['Drama', 'War']",['0000231'],['Oliver Stone'],['0000231'],['Oliver Stone'],"['0000221', '0000297', '0000353']","['Charlie Sheen', 'Tom Berenger', 'Willem Dafoe']","$138,530,565"
0036868,The Best Years of Our Lives,1946,Approved,2h 50m,"['Epic', 'Feel-Good Romance', 'Drama', 'Romance', 'War']",['0943758'],['William Wyler'],"['0792845', '0437969']","['Robert E. Sherwood', 'MacKinlay Kantor']","['0001485', '0000763', '0545298']","['Myrna Loy', 'Dana Andrews', 'Fredric March']","$23,650,000"
0381681,Before Sunset,2004,R,1h 20m,"['Feel-Good Romance', 'Drama', 'Romance']",['0000500'],['Richard Linklater'],"['0000500', '0000365', '0000160']","['Richard Linklater', 'Julie Delpy', 'Ethan Hawke']","['0000160', '0000365', '0229943']","['Ethan Hawke', 'Julie Delpy', 'Vernon Dobtcheff']","$5,820,649"
0059742,The Sound of Music,1965,G,2h 54m,"['Classic Musical', 'Epic', 'Period Drama', 'Biography', 'Drama', 'Family', 'Musical', 'Romance']",['0936404'],['Robert Wise'],"['0403346', '0512231', '0189496']","['Georg Hurdalek', 'Howard Lindsay', 'Russel Crouse']","['0000267', '0001626', '0662223']","['Julie Andrews', 'Christopher Plummer', 'Eleanor Parker']","$160,888,776"
0070047,The Exorcist,1973,R,2h 2m,"['Body Horror', 'Psychological Drama', 'Psychological Horror', 'Supernatural Horror', 'Tragedy', 'Horror']",['0001243'],['William Friedkin'],['0087861'],['William Peter Blatty'],"['0000995', '0001884', '0000304']","['Ellen Burstyn', 'Max von Sydow', 'Linda Blair']","$233,005,644"
0317705,The Incredibles,2004,PG,1h 55m,"['Computer Animation', 'Superhero', 'Action', 'Adventure', 'Animation', 'Family']",['0083348'],['Brad Bird'],['0083348'],['Brad Bird'],"['0005266', '0000168', '0000456']","['Craig T. Nelson', 'Samuel L. Jackson', 'Holly Hunter']","$261,441,092"
1028532,Hachi: A Dog's Tale,2009,G,1h 33m,"['Animal Adventure', 'Biography', 'Drama', 'Family']",['0002120'],['Lasse Hallström'],"['2124742', '0793881']","['Stephen P. Lindsey', 'Kaneto Shindô']","['0000152', '0000260', '0846480']","['Richard Gere', 'Joan Allen', 'Cary-Hiroyuki Tagawa']",
1979320,Rush,2013,R,2h 3m,"['Docudrama', 'Motorsport', 'Period Drama', 'Biography', 'Drama', 'Sport']",['0000165'],['Ron Howard'],['0604948'],['Peter Morgan'],"['0117709', '1165110', '1312575']","['Daniel Brühl', 'Chris Hemsworth', 'Olivia Wilde']","$26,947,624"
0032138,The Wizard of Oz,1939,G,1h 42m,"['Adventure Epic', 'Classic Musical', 'Fairy Tale', 'Fantasy Epic', 'Quest', 'Adventure', 'Family', 'Fantasy', 'Musical']","['0281808', '0002030', '0851537']","['Victor Fleming', 'George Cukor', 'Norman Taurog']","['0486538', '0753249', '0941138']","['Noel Langley', 'Florence Ryerson', 'Edgar Allan Woolf']","['0000023', '0604656', '0001961']","['Judy Garland', 'Frank Morgan', 'Ray Bolger']","$24,668,669"
5323662,A Silent Voice: The Movie,2016,Not Rated,2h 10m,"['Adult Animation', 'Anime', 'Coming-of-Age', 'Hand-Drawn Animation', 'Psychological Drama', 'Shōnen', 'Slice of Life', 'Animation', 'Drama']",['2210720'],['Naoko Yamada'],"['7835741', '1027089']","['Yoshitoki Ôima', 'Reiko Yoshida']","['0997115', '2977461', '2976492']","['Miyu Irino', 'Saori Hayami', 'Aoi Yûki']","$1,079,689"
0019254,The Passion of Joan of Arc,1928,Passed,1h 54m,"['Costume Drama', 'Legal Drama', 'Period Drama', 'Psychological Drama', 'Tragedy', 'Biography', 'Drama', 'History']",['0003433'],['Carl Theodor Dreyer'],"['0217865', '0003433']","['Joseph Delteil', 'Carl Theodor Dreyer']","['0266029', '0798564', '0075551']","['Maria Falconetti', 'Eugene Silvain', 'André Berley']","$21,877"
0092005,Stand by Me,1986,R,1h 29m,"['Coming-of-Age', 'Dark Comedy', 'Quest', 'Adventure', 'Comedy', 'Drama']",['0001661'],['Rob Reiner'],"['0000175', '0317279', '0262595']","['Stephen King', 'Raynold Gideon', 'Bruce A. Evans']","['0000696', '0000203', '0000397']","['Wil Wheaton', 'River Phoenix', 'Corey Feldman']","$52,287,414"
0129167,The Iron Giant,1999,PG,1h 26m,"['Alien Invasion', 'Artificial Intelligence', 'Buddy Comedy', 'Hand-Drawn Animation', 'High-Concept Comedy', 'Kaiju', 'Space Sci-Fi', 'Action', 'Adventure', 'Animation']",['0083348'],['Brad Bird'],"['0564827', '0083348', '0400954']","['Tim McCanlies', 'Brad Bird', 'Ted Hughes']","['0547349', '0001065', '0000098']","['Eli Marienthal', 'Harry Connick Jr.', 'Jennifer Aniston']","$23,315,035"
0476735,My Father and My Son,2005,Not Rated,1h 52m,"['Coming-of-Age', 'Political Drama', 'Drama', 'Family']",['1463981'],['Çagan Irmak'],['1463981'],['Çagan Irmak'],"['1002038', '0476334', '0406157']","['Çetin Tekindor', 'Fikret Kuskan', 'Hümeyra']",
4016934,The Handmaiden,2016,Not Rated,2h 25m,"['Dark Romance', 'Erotic Thriller', 'Psychological Thriller', 'Steamy Romance', 'Drama', 'Romance', 'Thriller']",['0661791'],['Park Chan-wook'],"['1258797', '1941029', '0661791']","['Sarah Waters', 'Chung Seo-kyung', 'Park Chan-wook']","['1195119', '1978402', '2437361']","['Kim Min-hee', 'Ha Jung-woo', 'Cho Jin-woong']","$2,006,788"
0074958,Network,1976,R,2h 1m,"['Dark Comedy', 'Workplace Drama', 'Drama']",['0001486'],['Sidney Lumet'],['0154665'],['Paddy Chayefsky'],"['0001159', '0000034', '0002075']","['Faye Dunaway', 'William Holden', 'Peter Finch']","$23,689,877"
0058946,The Battle of Algiers,1966,Not Rated,2h 1m,"['Docudrama', 'Political Drama', 'Drama', 'War']",['0690597'],['Gillo Pontecorvo'],"['0758357', '0690597']","['Franco Solinas', 'Gillo Pontecorvo']","['0352835', '0552483', '0754272']","['Brahim Hadjadj', 'Jean Martin', 'Yacef Saadi']","$879,794"
0032551,The Grapes of Wrath,1940,Approved,2h 9m,"['Period Drama', 'Tragedy', 'Drama']",['0000406'],['John Ford'],"['0425913', '0825705']","['Nunnally Johnson', 'John Steinbeck']","['0000020', '0002034', '0001017']","['Henry Fonda', 'Jane Darwell', 'John Carradine']",
11032374,Demon Slayer: Kimetsu no Yaiba - The Movie: Mugen Train,2020,R,1h 57m,"['Adult Animation', 'Anime', 'Dark Fantasy', 'Hand-Drawn Animation', 'Shōnen', 'Superhero', 'Supernatural Fantasy', 'Sword & Sorcery', 'Action', 'Adventure']",['1417038'],['Haruo Sotozaki'],['10281577'],['Koyoharu Gotouge'],"['5137121', '6981978', '4303311']","['Natsuki Hanae', 'Akari Kitô', 'Yoshitsugu Matsuoka']","$49,888,550"
0035446,To Be or Not to Be,1942,Approved,1h 39m,"['Screwball Comedy', 'Comedy', 'Romance', 'War']",['0523932'],['Ernst Lubitsch'],"['0501872', '0562372', '0523932']","['Melchior Lengyel', 'Edwin Justus Mayer', 'Ernst Lubitsch']","['0001479', '0000912', '0821041']","['Carole Lombard', 'Jack Benny', 'Robert Stack']","$3,270,000"
16492678,Demon Slayer: Kimetsu no Yaiba - Tsuzumi Mansion Arc,2021,,1h 27m,"['Anime', 'Hand-Drawn Animation', 'Supernatural Fantasy', 'Action', 'Animation', 'Fantasy']",['1417038'],['Haruo Sotozaki'],['10281577'],['Koyoharu Gotouge'],"['5137121', '6981978', '1683003']","['Natsuki Hanae', 'Akari Kitô', 'Hiro Shimono']",
1954470,Gangs of Wasseypur,2012,Not Rated,5h 21m,"['Gangster', 'Satire', 'True Crime', 'Action', 'Comedy', 'Crime', 'Drama', 'Thriller']",['0440604'],['Anurag Kashyap'],"['4556524', '0440604', '4556473']","['Akhilesh Jaiswal', 'Anurag Kashyap', 'Sachin K. Ladia']","['0048075', '1596350', '0223606']","['Manoj Bajpayee', 'Nawazuddin Siddiqui', 'Tigmanshu Dhulia']",
0758758,Into the Wild,2007,R,2h 28m,"['Coming-of-Age', 'Docudrama', 'Road Trip', 'Survival', 'Tragedy', 'Adventure', 'Biography', 'Drama']",['0000576'],['Sean Penn'],"['0000576', '1040556']","['Sean Penn', 'Jon Krakauer']","['0386472', '0000681', '0001416']","['Emile Hirsch', 'Vince Vaughn', 'Catherine Keener']","$18,354,356"
1454029,The Help,2011,PG-13,2h 26m,"['Period Drama', 'Drama']",['0853238'],['Tate Taylor'],"['0853238', '3543826']","['Tate Taylor', 'Kathryn Stockett']","['0205626', '1297015', '0818055']","['Viola Davis', 'Emma Stone', 'Octavia Spencer']","$169,708,112"
